LIFE_FORM,AR_coef,geometry,elevation,elev_units,long,lat
HARDWOOD,0.885628516782578,-123.350555419922|38.8049583435059,222.03,meters,-123.350555419922,38.8049583435059
HARDWOOD,-0.526488853782726,-123.345001220703|38.657039642334,336.1,meters,-123.345001220703,38.657039642334
HARDWOOD,0.662382967727414,-123.302429199219|38.7875366210937,445.6,meters,-123.302429199219,38.7875366210937
HARDWOOD,1.55618317429934,-123.27734375|38.7510871887207,434.17,meters,-123.27734375,38.7510871887207
HARDWOOD,0.141910416675865,-123.276672363281|38.7325935363769,528.96,meters,-123.276672363281,38.7325935363769
HARDWOOD,-0.395180342789321,-123.276000976563|38.7141036987305,516.56,meters,-123.276000976563,38.7141036987305
HARDWOOD,0.774933303858653,-123.255645751953|38.8070907592773,517.64,meters,-123.255645751953,38.8070907592773
HARDWOOD,1.37782535972826,-123.254974365234|38.7885856628418,589.11,meters,-123.254974365234,38.7885856628418
HARDWOOD,1.02122089780461,-123.254302978516|38.7701034545899,603.78,meters,-123.254302978516,38.7701034545899
HARDWOOD,0.519950001335321,-123.252960205078|38.7331161499024,312.93,meters,-123.252960205078,38.7331161499024
HARDWOOD,0.810823850592636,-123.250305175781|38.6591644287109,168.57,meters,-123.250305175781,38.6591644287109
HARDWOOD,0.694844577873643,-123.248321533203|38.6037063598632,238.64,meters,-123.248321533203,38.6037063598632
HARDWOOD,2.59767621589077,-123.247650146484|38.585220336914,264.04,meters,-123.247650146484,38.585220336914
HARDWOOD,0.518152691298715,-123.231903076172|38.8076095581055,409.2,meters,-123.231903076172,38.8076095581055
HARDWOOD,1.05240854956101,-123.231246948242|38.7891082763672,383.84,meters,-123.231246948242,38.7891082763672
HARDWOOD,0.838016333297298,-123.230590820313|38.7706146240234,631.94,meters,-123.230590820313,38.7706146240234
HARDWOOD,0.295137374080257,-123.229919433594|38.7521286010742,407.45,meters,-123.229919433594,38.7521286010742
HARDWOOD,0.74506071697314,-123.229278564453|38.7336349487305,485.59,meters,-123.229278564453,38.7336349487305
HARDWOOD,1.8905380864619,-123.228607177734|38.715145111084,228.28,meters,-123.228607177734,38.715145111084
HARDWOOD,1.23100495282591,-123.227294921875|38.6781616210937,326.95,meters,-123.227294921875,38.6781616210937
HARDWOOD,1.07589655233661,-123.225982666016|38.6411933898925,201.83,meters,-123.225982666016,38.6411933898925
HARDWOOD,0.29954675894832,-123.225311279297|38.622703552246,434.93,meters,-123.225311279297,38.622703552246
HARDWOOD,1.03885331418536,-123.222686767578|38.5487785339356,299.39,meters,-123.222686767578,38.5487785339356
HARDWOOD,0.709142203949698,-123.222030639648|38.5302925109864,358.05,meters,-123.222030639648,38.5302925109864
HARDWOOD,0.664060268654008,-123.208190917969|38.8081130981445,386.79,meters,-123.208190917969,38.8081130981445
HARDWOOD,0.76116402032308,-123.206878662109|38.7711334228516,589.79,meters,-123.206878662109,38.7711334228516
HARDWOOD,0.48499814080782,-123.206207275391|38.7526435852051,401.51,meters,-123.206207275391,38.7526435852051
HARDWOOD,2.42904454059472,-123.20491027832|38.7156524658203,376.09,meters,-123.20491027832,38.7156524658203
HARDWOOD,1.47035308829224,-123.204254150391|38.6971626281739,361.64,meters,-123.204254150391,38.6971626281739
HARDWOOD,0.989474313571619,-123.20361328125|38.6786842346192,147.55,meters,-123.20361328125,38.6786842346192
HARDWOOD,1.14337553290558,-123.20295715332|38.6601943969727,257.66,meters,-123.20295715332,38.6601943969727
HARDWOOD,1.01278589357462,-123.202301025391|38.6417045593262,183.18,meters,-123.202301025391,38.6417045593262
HARDWOOD,1.45448208877886,-123.181854248047|38.7346611022949,526.07,meters,-123.181854248047,38.7346611022949
HARDWOOD,2.22925560636524,-123.181213378906|38.7161636352539,380.16,meters,-123.181213378906,38.7161636352539
HARDWOOD,0.639015134370777,-123.179931640625|38.6791915893555,350.75,meters,-123.179931640625,38.6791915893555
HARDWOOD,1.26758657133224,-123.179275512695|38.6606979370117,210.02,meters,-123.179275512695,38.6606979370117
HARDWOOD,0.91274865235996,-123.178634643555|38.6422080993652,235.69,meters,-123.178634643555,38.6422080993652
HARDWOOD,0.0229015411413248,-123.177993774414|38.6237297058105,200.56,meters,-123.177993774414,38.6237297058105
HARDWOOD,-0.00204004284994578,-123.177337646484|38.6052322387695,314.8,meters,-123.177337646484,38.6052322387695
HARDWOOD,-0.0373289723168774,-123.175415039063|38.5497817993164,401.51,meters,-123.175415039063,38.5497817993164
HARDWOOD,0.6742838552414,-123.174774169922|38.5313034057618,308.06,meters,-123.174774169922,38.5313034057618
HARDWOOD,-1.09197891001451,-123.174133300781|38.512825012207,447.76,meters,-123.174133300781,38.512825012207
HARDWOOD,0.999092189532736,-123.160064697266|38.7906341552734,256.35,meters,-123.160064697266,38.7906341552734
HARDWOOD,-0.026498165202211,-123.158798217773|38.7536430358886,369.37,meters,-123.158798217773,38.7536430358886
HARDWOOD,0.346008465005994,-123.158157348633|38.7351608276367,572.51,meters,-123.158157348633,38.7351608276367
HARDWOOD,2.2720251418443,-123.157516479492|38.7166709899902,534.61,meters,-123.157516479492,38.7166709899902
HARDWOOD,1.22619761480766,-123.156875610352|38.6981735229492,468.58,meters,-123.156875610352,38.6981735229492
HARDWOOD,0.748382634981167,-123.15625|38.6796836853028,530.17,meters,-123.15625,38.6796836853028
HARDWOOD,1.46911240171321,-123.155609130859|38.6612052917481,339.75,meters,-123.155609130859,38.6612052917481
HARDWOOD,0.721632847806676,-123.154968261719|38.6427154541016,388.77,meters,-123.154968261719,38.6427154541016
HARDWOOD,-0.331431733489255,-123.153686523438|38.6057434082031,424.66,meters,-123.153686523438,38.6057434082031
HARDWOOD,0.278369246911882,-123.153045654297|38.5872535705567,277.97,meters,-123.153045654297,38.5872535705567
HARDWOOD,1.27884861374407,-123.152420043945|38.5687713623047,307.86,meters,-123.152420043945,38.5687713623047
HARDWOOD,0.186249287527403,-123.151794433594|38.550277709961,276.25,meters,-123.151794433594,38.550277709961
HARDWOOD,1.76348319239094,-123.151153564453|38.5318031311035,254.04,meters,-123.151153564453,38.5318031311035
HARDWOOD,2.24607993266069,-123.150512695313|38.513313293457,346.55,meters,-123.150512695313,38.513313293457
HARDWOOD,0.861374601949816,-123.135711669922|38.7726364135742,329.24,meters,-123.135711669922,38.7726364135742
HARDWOOD,-0.558111684936726,-123.133178710938|38.698673248291,568.33,meters,-123.133178710938,38.698673248291
HARDWOOD,1.23630609163456,-123.131927490234|38.6616973876953,477.43,meters,-123.131927490234,38.6616973876953
HARDWOOD,1.96104345964582,-123.126892089844|38.5138168334961,442.21,meters,-123.126892089844,38.5138168334961
HARDWOOD,1.24624994391717,-123.113876342773|38.8286094665527,367.22,meters,-123.113876342773,38.8286094665527
HARDWOOD,1.01546341972561,-123.113250732422|38.8101081848144,406.64,meters,-123.113250732422,38.8101081848144
HARDWOOD,1.41825463736623,-123.11262512207|38.7916145324707,343.99,meters,-123.11262512207,38.7916145324707
HARDWOOD,-0.332922613882418,-123.111373901367|38.7546348571778,209.75,meters,-123.111373901367,38.7546348571778
HARDWOOD,1.27240581351361,-123.110748291016|38.736141204834,283.74,meters,-123.110748291016,38.736141204834
HARDWOOD,2.3400836221542,-123.110122680664|38.7176513671875,393.16,meters,-123.110122680664,38.7176513671875
HARDWOOD,0.956829116014157,-123.108871459961|38.6806716918945,295.29,meters,-123.108871459961,38.6806716918945
HARDWOOD,0.802113492320704,-123.090133666992|38.8290863037109,281.91,meters,-123.090133666992,38.8290863037109
HARDWOOD,1.21570270113572,-123.089508056641|38.810604095459,213.69,meters,-123.089508056641,38.810604095459
HARDWOOD,1.03976124061709,-123.088897705078|38.7921028137207,213.73,meters,-123.088897705078,38.7921028137207
HARDWOOD,1.71993466134597,-123.088287353516|38.7736091613769,212.95,meters,-123.088287353516,38.7736091613769
HARDWOOD,0.868666145990286,-123.087661743164|38.7551155090332,255.69,meters,-123.087661743164,38.7551155090332
HARDWOOD,1.22135179060137,-123.087036132813|38.736629486084,336.85,meters,-123.087036132813,38.736629486084
HARDWOOD,1.81974202802308,-123.08642578125|38.7181358337403,208.66,meters,-123.08642578125,38.7181358337403
HARDWOOD,1.01242468049735,-123.085815429688|38.699649810791,267.97,meters,-123.085815429688,38.699649810791
HARDWOOD,0.714113572771503,-123.085189819336|38.6811561584472,328.83,meters,-123.085189819336,38.6811561584472
HARDWOOD,-1.04480782120456,-123.084564208984|38.6626739501954,280.72,meters,-123.084564208984,38.6626739501954
HARDWOOD,-0.654515278662786,-123.083953857422|38.6441764831543,558.27,meters,-123.083953857422,38.6441764831543
HARDWOOD,0.986325718607526,-123.082733154297|38.6072044372558,341.41,meters,-123.082733154297,38.6072044372558
HARDWOOD,0.802610065603832,-123.082107543945|38.5887184143066,277.57,meters,-123.082107543945,38.5887184143066
HARDWOOD,0.725436929760913,-123.081481933594|38.5702362060547,245.05,meters,-123.081481933594,38.5702362060547
HARDWOOD,1.04357133025194,-123.077819824219|38.4593391418458,239.14,meters,-123.077819824219,38.4593391418458
HARDWOOD,1.13417741900951,-123.066390991211|38.8295745849609,469.57,meters,-123.066390991211,38.8295745849609
HARDWOOD,1.34384515358127,-123.062103271484|38.7001266479492,290.38,meters,-123.062103271484,38.7001266479492
HARDWOOD,-0.732291272601578,-123.060882568359|38.6631507873535,243.61,meters,-123.060882568359,38.6631507873535
HARDWOOD,-0.281304658632237,-123.060287475586|38.644660949707,364.35,meters,-123.060287475586,38.644660949707
HARDWOOD,0.264619627122128,-123.059677124023|38.6261749267578,503.76,meters,-123.059677124023,38.6261749267578
HARDWOOD,0.676703727820705,-123.059066772461|38.6076812744141,284.08,meters,-123.059066772461,38.6076812744141
HARDWOOD,-0.692792144527897,-123.057250976563|38.5522232055664,106.58,meters,-123.057250976563,38.5522232055664
HARDWOOD,1.08378766591676,-123.039031982422|38.7190895080567,196.69,meters,-123.039031982422,38.7190895080567
HARDWOOD,1.08514771258781,-123.038421630859|38.7005996704101,140.82,meters,-123.038421630859,38.7005996704101
HARDWOOD,-0.668446753249654,-123.03662109375|38.6451339721679,167.12,meters,-123.03662109375,38.6451339721679
HARDWOOD,1.32675521957646,-123.036010742188|38.6266403198242,297.13,meters,-123.036010742188,38.6266403198242
HARDWOOD,1.5555735837833,-123.035400390625|38.608154296875,478.2,meters,-123.035400390625,38.608154296875
HARDWOOD,1.59822388940992,-123.034805297852|38.5896682739258,232.16,meters,-123.034805297852,38.5896682739258
HARDWOOD,1.59780992343698,-123.032409667969|38.5157279968261,163.54,meters,-123.032409667969,38.5157279968261
HARDWOOD,2.20483876528532,-123.031799316406|38.4972419738769,227.35,meters,-123.031799316406,38.4972419738769
HARDWOOD,1.22845042916668,-123.028213500977|38.3863716125488,62.19,meters,-123.028213500977,38.3863716125488
HARDWOOD,0.91395464555544,-123.027618408203|38.3678932189942,136.08,meters,-123.027618408203,38.3678932189942
HARDWOOD,0.300084061010577,-123.018920898438|38.8305168151856,139.46,meters,-123.018920898438,38.8305168151856
HARDWOOD,0.860713296896529,-123.015930175781|38.7380447387695,314.45,meters,-123.015930175781,38.7380447387695
HARDWOOD,1.19430908313641,-123.014739990234|38.7010612487793,255.91,meters,-123.014739990234,38.7010612487793
HARDWOOD,-0.400542150907675,-123.014129638672|38.6825828552246,290.22,meters,-123.014129638672,38.6825828552246
HARDWOOD,-0.604011353823519,-123.013534545898|38.6640930175781,301.1,meters,-123.013534545898,38.6640930175781
HARDWOOD,-0.113190323023642,-123.012939453125|38.6455993652344,117.48,meters,-123.012939453125,38.6455993652344
HARDWOOD,1.93154839210224,-123.012344360352|38.6271095275879,311.87,meters,-123.012344360352,38.6271095275879
HARDWOOD,1.82461584353705,-123.009979248047|38.5531692504883,294.94,meters,-123.009979248047,38.5531692504883
HARDWOOD,-0.540488132746327,-122.995758056641|38.8494720458984,609.89,meters,-122.995758056641,38.8494720458984
HARDWOOD,0.196419740936549,-122.995178222656|38.8309745788574,211.87,meters,-122.995178222656,38.8309745788574
HARDWOOD,-1.05112546876903,-122.992797851563|38.7570037841797,119.34,meters,-122.992797851563,38.7570037841797
HARDWOOD,0.890650370616977,-122.992218017578|38.7385177612304,202.78,meters,-122.992218017578,38.7385177612304
HARDWOOD,0.517568400522229,-122.989273071289|38.6460609436035,319.87,meters,-122.989273071289,38.6460609436035
HARDWOOD,2.31483986218615,-122.988677978516|38.6275672912598,241.16,meters,-122.988677978516,38.6275672912598
HARDWOOD,0.125373535373515,-122.970260620117|38.7944450378418,402.13,meters,-122.970260620117,38.7944450378418
HARDWOOD,-0.256617628260322,-122.969665527344|38.7759513854981,141.2,meters,-122.969665527344,38.7759513854981
HARDWOOD,-0.699090571281079,-122.968505859375|38.7389755249023,184.7,meters,-122.968505859375,38.7389755249023
HARDWOOD,-1.34398014544189,-122.967926025391|38.720474243164,118.28,meters,-122.967926025391,38.720474243164
HARDWOOD,0.827232273009339,-122.966186523438|38.6650085449219,145.11,meters,-122.966186523438,38.6650085449219
HARDWOOD,0.0656697680184916,-122.965606689453|38.64652633667,183.06,meters,-122.965606689453,38.64652633667
HARDWOOD,1.75334825167703,-122.965026855469|38.6280250549317,248.41,meters,-122.965026855469,38.6280250549317
HARDWOOD,1.54434836648405,-122.963851928711|38.5910530090332,220.62,meters,-122.963851928711,38.5910530090332
HARDWOOD,1.11786207049949,-122.963272094727|38.5725708007813,215.71,meters,-122.963272094727,38.5725708007813
HARDWOOD,1.25390687520973,-122.962692260742|38.5540809631348,202.55,meters,-122.962692260742,38.5540809631348
HARDWOOD,0.951653141821451,-122.959228515625|38.4431915283203,211,meters,-122.959228515625,38.4431915283203
HARDWOOD,1.51271956033237,-122.956909179688|38.3692741394043,106.8,meters,-122.956909179688,38.3692741394043
HARDWOOD,0.314293487232398,-122.948272705078|38.8503837585449,781.45,meters,-122.948272705078,38.8503837585449
HARDWOOD,0.822587359542443,-122.947113037109|38.8133888244629,299.6,meters,-122.947113037109,38.8133888244629
HARDWOOD,0.024488064351012,-122.946533203125|38.7948989868164,559.59,meters,-122.946533203125,38.7948989868164
HARDWOOD,1.59781931815372,-122.941345214844|38.6284828186035,311.99,meters,-122.941345214844,38.6284828186035
HARDWOOD,1.81528187089376,-122.940780639648|38.609992980957,215.96,meters,-122.940780639648,38.609992980957
HARDWOOD,0.418493958928686,-122.940200805664|38.5915031433106,223.12,meters,-122.940200805664,38.5915031433106
HARDWOOD,-1.25733996361409,-122.9384765625|38.5360527038574,389.27,meters,-122.9384765625,38.5360527038574
HARDWOOD,0.863407353680499,-122.923950195313|38.8323440551757,378.49,meters,-122.923950195313,38.8323440551757
HARDWOOD,0.719435830487609,-122.923370361328|38.8138465881347,222.78,meters,-122.923370361328,38.8138465881347
HARDWOOD,-1.02725430773621,-122.922241210938|38.7768478393555,438.38,meters,-122.922241210938,38.7768478393555
HARDWOOD,1.17095037528751,-122.921661376953|38.7583618164063,263.42,meters,-122.921661376953,38.7583618164063
HARDWOOD,1.13475320164159,-122.921081542969|38.7398719787598,136.28,meters,-122.921081542969,38.7398719787598
HARDWOOD,2.27156295953776,-122.919952392578|38.702880859375,117.26,meters,-122.919952392578,38.702880859375
HARDWOOD,0.543089029343499,-122.914291381836|38.5180168151855,244.86,meters,-122.914291381836,38.5180168151855
HARDWOOD,0.581095504706538,-122.899627685547|38.8142929077149,640.07,meters,-122.899627685547,38.8142929077149
HARDWOOD,1.20933927946683,-122.89794921875|38.7588043212891,402.74,meters,-122.89794921875,38.7588043212891
HARDWOOD,1.25085714942187,-122.897384643555|38.7403144836426,185.83,meters,-122.897384643555,38.7403144836426
HARDWOOD,2.07071795478223,-122.895690917969|38.6848373413086,168.6,meters,-122.895690917969,38.6848373413086
HARDWOOD,1.84774141587385,-122.895141601563|38.6663475036621,209.82,meters,-122.895141601563,38.6663475036621
HARDWOOD,1.35010660465506,-122.892333984375|38.5739059448242,112.73,meters,-122.892333984375,38.5739059448242
HARDWOOD,0.841176328365236,-122.875900268555|38.8147163391113,578.82,meters,-122.875900268555,38.8147163391113
HARDWOOD,1.17520076544596,-122.874237060547|38.7592353820801,386.51,meters,-122.874237060547,38.7592353820801
HARDWOOD,1.70527019803658,-122.867584228516|38.5373649597168,25.35,meters,-122.867584228516,38.5373649597168
HARDWOOD,0.487058156439618,-122.865936279297|38.4819183349609,107.83,meters,-122.865936279297,38.4819183349609
HARDWOOD,0.57081524747437,-122.85270690918|38.8336448669434,605.44,meters,-122.85270690918,38.8336448669434
HARDWOOD,0.146993936614778,-122.852157592773|38.8151512145996,434.82,meters,-122.852157592773,38.8151512145996
HARDWOOD,-0.0567213011554081,-122.85107421875|38.7781677246093,816.01,meters,-122.85107421875,38.7781677246093
HARDWOOD,0.587988700499467,-122.849975585938|38.7411766052246,592.88,meters,-122.849975585938,38.7411766052246
HARDWOOD,1.04699086453599,-122.843963623047|38.5377922058105,58.82,meters,-122.843963623047,38.5377922058105
HARDWOOD,1.0780019811298,-122.841781616211|38.4638710021973,55.1,meters,-122.841781616211,38.4638710021973
HARDWOOD,0.917046355550388,-122.839080810547|38.371467590332,72.96,meters,-122.839080810547,38.371467590332
HARDWOOD,0.809072332822965,-122.828964233398|38.8340759277344,593.25,meters,-122.828964233398,38.8340759277344
HARDWOOD,-0.300642149238177,-122.827880859375|38.7970809936523,606.28,meters,-122.827880859375,38.7970809936523
HARDWOOD,1.24051591475237,-122.826797485352|38.7600860595703,597.42,meters,-122.826797485352,38.7600860595703
HARDWOOD,0.657785030216401,-122.826263427734|38.7416000366211,746.38,meters,-122.826263427734,38.7416000366211
HARDWOOD,2.69340617129071,-122.822479248047|38.6121635437011,167.77,meters,-122.822479248047,38.6121635437011
HARDWOOD,1.04319417716193,-122.821929931641|38.5936813354492,130.46,meters,-122.821929931641,38.5936813354492
HARDWOOD,-0.153722392450354,-122.8046875|38.8159942626953,940.99,meters,-122.8046875,38.8159942626953
HARDWOOD,-0.495105696444205,-122.804153442383|38.7974967956543,513.7,meters,-122.804153442383,38.7974967956543
HARDWOOD,-0.56541427637569,-122.802017211914|38.7235336303711,256.18,meters,-122.802017211914,38.7235336303711
HARDWOOD,-0.628204949807582,-122.80094909668|38.6865425109863,214.67,meters,-122.80094909668,38.6865425109863
HARDWOOD,0.599269253610454,-122.798278808594|38.5940971374512,201.86,meters,-122.798278808594,38.5940971374512
HARDWOOD,1.75467304154272,-122.797760009766|38.5756149291992,68.28,meters,-122.797760009766,38.5756149291992
HARDWOOD,-0.113117254535046,-122.780426025391|38.7979125976563,722.32,meters,-122.780426025391,38.7979125976563
HARDWOOD,1.83939881795673,-122.7783203125|38.7239456176757,474.18,meters,-122.7783203125,38.7239456176757
HARDWOOD,0.8441731785736,-122.776733398438|38.6684684753418,363.48,meters,-122.776733398438,38.6684684753418
HARDWOOD,1.1096145958313,-122.774108886719|38.5760269165039,111.07,meters,-122.774108886719,38.5760269165039
HARDWOOD,1.48846012198562,-122.773590087891|38.5575370788574,99.25,meters,-122.773590087891,38.5575370788574
HARDWOOD,1.076674394076,-122.767852783203|38.354232788086,32.72,meters,-122.767852783203,38.354232788086
HARDWOOD,0.692104384688412,-122.753051757813|38.6688690185547,232.96,meters,-122.753051757813,38.6688690185547
HARDWOOD,1.43142532331029,-122.752532958984|38.6503829956054,179.25,meters,-122.752532958984,38.6503829956054
HARDWOOD,1.00587094313703,-122.7509765625|38.5949249267578,91.58,meters,-122.7509765625,38.5949249267578
HARDWOOD,1.41744270677699,-122.750457763672|38.5764312744141,176.87,meters,-122.750457763672,38.5764312744141
HARDWOOD,1.7387804277925,-122.749938964844|38.5579452514649,167.53,meters,-122.749938964844,38.5579452514649
HARDWOOD,-0.849753330806647,-122.749420166016|38.5394592285157,112.21,meters,-122.749420166016,38.5394592285157
HARDWOOD,0.846756455037699,-122.748901367188|38.5209732055664,118.94,meters,-122.748901367188,38.5209732055664
HARDWOOD,1.02932282712464,-122.729888916016|38.6877632141114,213.67,meters,-122.729888916016,38.6877632141114
HARDWOOD,1.4993503841538,-122.72834777832|38.6322975158692,189.32,meters,-122.72834777832,38.6322975158692
HARDWOOD,1.38753938639211,-122.727844238281|38.6138038635254,108.01,meters,-122.727844238281,38.6138038635254
HARDWOOD,1.12950814372566,-122.727325439453|38.5953178405762,239.8,meters,-122.727325439453,38.5953178405762
HARDWOOD,1.72289014236015,-122.726303100586|38.5583381652832,164.1,meters,-122.726303100586,38.5583381652832
HARDWOOD,1.03173040151595,-122.72477722168|38.5028800964355,129.85,meters,-122.72477722168,38.5028800964355
HARDWOOD,0.213288359417954,-122.724273681641|38.4844017028808,117.94,meters,-122.724273681641,38.4844017028808
HARDWOOD,1.04107987923987,-122.70719909668|38.7251472473144,886.88,meters,-122.70719909668,38.7251472473144
HARDWOOD,1.77812078482801,-122.705688476563|38.6696739196777,307.28,meters,-122.705688476563,38.6696739196777
HARDWOOD,1.52550713352888,-122.704162597656|38.6141967773437,204.71,meters,-122.704162597656,38.6141967773437
HARDWOOD,1.61914806397163,-122.703674316406|38.5957145690918,233.88,meters,-122.703674316406,38.5957145690918
HARDWOOD,1.30292036768965,-122.702667236328|38.5587387084962,208.11,meters,-122.702667236328,38.5587387084962
HARDWOOD,-1.03751987865088,-122.702163696289|38.5402526855469,321.51,meters,-122.702163696289,38.5402526855469
HARDWOOD,0.884321401249691,-122.70166015625|38.5217666625977,262.69,meters,-122.70166015625,38.5217666625977
HARDWOOD,1.09769647268146,-122.701156616211|38.5032844543457,161.06,meters,-122.701156616211,38.5032844543457
HARDWOOD,1.21000977569225,-122.700653076172|38.4848022460938,184.66,meters,-122.700653076172,38.4848022460938
HARDWOOD,1.66834623192626,-122.699645996094|38.4478302001954,57.2,meters,-122.699645996094,38.4478302001954
HARDWOOD,-0.0371963108053488,-122.693161010742|38.2076263427734,104.61,meters,-122.693161010742,38.2076263427734
HARDWOOD,0.729505387273595,-122.681503295898|38.6515693664551,213.96,meters,-122.681503295898,38.6515693664551
HARDWOOD,1.48891249480843,-122.67951965332|38.577621459961,273.93,meters,-122.67951965332,38.577621459961
HARDWOOD,1.24300084210255,-122.679016113281|38.5591316223145,271.6,meters,-122.679016113281,38.5591316223145
HARDWOOD,-0.794269466833783,-122.678527832031|38.5406379699707,158.5,meters,-122.678527832031,38.5406379699707
HARDWOOD,1.24704871471771,-122.675567626953|38.4297370910645,76.7,meters,-122.675567626953,38.4297370910645
HARDWOOD,1.45290636992635,-122.675064086914|38.411262512207,253.67,meters,-122.675064086914,38.411262512207
HARDWOOD,1.25156066680438,-122.674575805664|38.3927764892578,325.05,meters,-122.674575805664,38.3927764892578
HARDWOOD,0.369774585460815,-122.670135498047|38.2264900207519,58.67,meters,-122.670135498047,38.2264900207519
HARDWOOD,0.938447140142909,-122.658325195313|38.6704521179199,772.5,meters,-122.658325195313,38.6704521179199
HARDWOOD,0.825201948728742,-122.655868530273|38.5780029296875,213.58,meters,-122.655868530273,38.5780029296875
HARDWOOD,0.892160658714233,-122.655380249023|38.5595130920411,370.4,meters,-122.655380249023,38.5595130920411
HARDWOOD,1.71713160696939,-122.654403686523|38.5225448608398,210.29,meters,-122.654403686523,38.5225448608398
HARDWOOD,1.83347404262099,-122.653915405273|38.5040626525879,243.23,meters,-122.653915405273,38.5040626525879
HARDWOOD,1.27401875721687,-122.652450561523|38.4486122131348,87.57,meters,-122.652450561523,38.4486122131348
HARDWOOD,0.277014886448945,-122.650512695313|38.3746833801269,201.23,meters,-122.650512695313,38.3746833801269
HARDWOOD,0.190546056899182,-122.631744384766|38.5598945617676,304.35,meters,-122.631744384766,38.5598945617676
HARDWOOD,1.71642031918457,-122.628845214844|38.4489860534668,126.53,meters,-122.628845214844,38.4489860534668
HARDWOOD,1.70410164757744,-122.627899169922|38.4120178222656,460.94,meters,-122.627899169922,38.4120178222656
HARDWOOD,0.773911099821841,-122.626937866211|38.3750648498535,216.77,meters,-122.626937866211,38.3750648498535
HARDWOOD,1.04952231043193,-122.607620239258|38.5417823791504,543.3,meters,-122.607620239258,38.5417823791504
HARDWOOD,1.78624988524129,-122.605255126953|38.4493598937989,156.56,meters,-122.605255126953,38.4493598937989
HARDWOOD,1.03331000372533,-122.604782104492|38.4308776855469,204.35,meters,-122.604782104492,38.4308776855469
HARDWOOD,1.44728892966224,-122.604309082031|38.4123916625977,383.81,meters,-122.604309082031,38.4123916625977
HARDWOOD,0.567275462375912,-122.60383605957|38.393913269043,274.1,meters,-122.60383605957,38.393913269043
HARDWOOD,1.09084295888814,-122.602416992188|38.3384704589844,393.43,meters,-122.602416992188,38.3384704589844
HARDWOOD,1.34481168750752,-122.601943969727|38.3199996948242,394.45,meters,-122.601943969727,38.3199996948242
HARDWOOD,1.11282639620494,-122.601013183594|38.2830467224122,80.79,meters,-122.601013183594,38.2830467224122
HARDWOOD,0.828351386881168,-122.582580566406|38.4866943359374,341.83,meters,-122.582580566406,38.4866943359374
HARDWOOD,0.241074243209418,-122.580261230469|38.394287109375,194.85,meters,-122.580261230469,38.394287109375
HARDWOOD,-0.208400505551959,-122.579788208008|38.3757972717285,215.12,meters,-122.579788208008,38.3757972717285
HARDWOOD,-0.815153901817283,-122.579315185547|38.3573226928711,555.9,meters,-122.579315185547,38.3573226928711
HARDWOOD,0.905394423609921,-122.559432983398|38.5055465698242,440.69,meters,-122.559432983398,38.5055465698242
HARDWOOD,0.883108832644935,-122.558959960937|38.4870491027832,406.38,meters,-122.558959960937,38.4870491027832
HARDWOOD,0.174251533957789,-122.556671142578|38.3946456909179,167.22,meters,-122.556671142578,38.3946456909179
HARDWOOD,-0.916104099440376,-122.556213378906|38.3761672973633,183.93,meters,-122.556213378906,38.3761672973633
HARDWOOD,0.343189146605266,-122.555297851563|38.3392028808594,581.56,meters,-122.555297851563,38.3392028808594
HARDWOOD,0.105732648318788,-122.554840087891|38.3207244873046,556.94,meters,-122.554840087891,38.3207244873046
HARDWOOD,0.126869471318128,-122.554382324219|38.3022537231445,451.88,meters,-122.554382324219,38.3022537231445
HARDWOOD,0.972629584232186,-122.553466796875|38.2652969360352,182.23,meters,-122.553466796875,38.2652969360352
HARDWOOD,1.51765031803278,-122.534912109375|38.4689292907715,678.07,meters,-122.534912109375,38.4689292907715
HARDWOOD,1.56359644848274,-122.533538818359|38.4134788513184,181.24,meters,-122.533538818359,38.4134788513184
HARDWOOD,0.542544515376185,-122.530838012695|38.3026008605957,212.8,meters,-122.530838012695,38.3026008605957
HARDWOOD,1.04291309526562,-122.510848999023|38.450798034668,741.07,meters,-122.510848999023,38.450798034668
HARDWOOD,0.995962220410314,-122.510406494141|38.4323120117187,485.3,meters,-122.510406494141,38.4323120117187
HARDWOOD,0.893624915868104,-122.509063720703|38.3768692016601,125.6,meters,-122.509063720703,38.3768692016601
HARDWOOD,0.802770824225626,-122.508178710938|38.3399085998535,53.37,meters,-122.508178710938,38.3399085998535
HARDWOOD,0.0882021037815071,-122.507736206055|38.321434020996,64.06,meters,-122.507736206055,38.321434020996
HARDWOOD,0.984133211814218,-122.487243652344|38.4511451721191,619.69,meters,-122.487243652344,38.4511451721191
HARDWOOD,0.736172655615951,-122.486373901367|38.4141807556152,513.94,meters,-122.486373901367,38.4141807556152
HARDWOOD,0.32122661339576,-122.484619140625|38.3402557373047,171.98,meters,-122.484619140625,38.3402557373047
HARDWOOD,-0.00699017867687583,-122.484191894531|38.32177734375,51.75,meters,-122.484191894531,38.32177734375
HARDWOOD,0.762197538811651,-122.483749389648|38.3032989501953,27.42,meters,-122.483749389648,38.3032989501953
HARDWOOD,0.871556308588354,-122.4619140625|38.3775634765625,642.32,meters,-122.4619140625,38.3775634765625
HARDWOOD,0.848476100455985,-122.460632324219|38.3221168518067,242.17,meters,-122.460632324219,38.3221168518067
HARDWOOD,0.885144693360228,-122.460205078125|38.303638458252,122.92,meters,-122.460205078125,38.303638458252
HARDWOOD,0.904661119906276,-122.413116455078|38.3042984008789,137.43,meters,-122.413116455078,38.3042984008789
HARDWOOD,0.628904822116282,-122.412689208984|38.2858238220215,162.63,meters,-122.412689208984,38.2858238220215
CONIFER,1.06013462828111,-123.515167236328|38.7640419006348,13.35,meters,-123.515167236328,38.7640419006348
CONIFER,1.00333357110111,-123.491455078125|38.7646141052246,122.93,meters,-123.491455078125,38.7646141052246
CONIFER,0.968187936881458,-123.49072265625|38.7461318969726,91.47,meters,-123.49072265625,38.7461318969726
CONIFER,1.1129816240985,-123.467742919922|38.7651901245118,118.69,meters,-123.467742919922,38.7651901245118
CONIFER,0.956640957011438,-123.467010498047|38.746696472168,19.62,meters,-123.467010498047,38.746696472168
CONIFER,1.29258040040715,-123.444030761719|38.7657585144043,105.37,meters,-123.444030761719,38.7657585144043
CONIFER,0.535999838883425,-123.443298339844|38.7472686767578,204.37,meters,-123.443298339844,38.7472686767578
CONIFER,-0.444079123814609,-123.442581176758|38.7287826538086,70.46,meters,-123.442581176758,38.7287826538086
CONIFER,1.26735665745098,-123.420318603516|38.7663230895996,250.06,meters,-123.420318603516,38.7663230895996
CONIFER,-0.0238737150955095,-123.41960144043|38.7478332519531,277.08,meters,-123.41960144043,38.7478332519531
CONIFER,0.24680441416321,-123.418884277344|38.7293434143066,277.12,meters,-123.418884277344,38.7293434143066
CONIFER,2.42820167972611,-123.418167114258|38.7108573913574,183.71,meters,-123.418167114258,38.7108573913574
CONIFER,1.12562459195255,-123.417449951172|38.6923675537109,164.24,meters,-123.417449951172,38.6923675537109
CONIFER,1.19647665035551,-123.396606445313|38.7668724060058,260.32,meters,-123.396606445313,38.7668724060058
CONIFER,-0.30133774123466,-123.395889282227|38.7483863830567,140.51,meters,-123.395889282227,38.7483863830567
CONIFER,0.688048946803028,-123.395172119141|38.7298965454102,122.34,meters,-123.395172119141,38.7298965454102
CONIFER,2.02443856319082,-123.394470214844|38.7114105224609,98.39,meters,-123.394470214844,38.7114105224609
CONIFER,1.61885219586333,-123.393768310547|38.6929244995117,235.24,meters,-123.393768310547,38.6929244995117
CONIFER,1.41355066714359,-123.39306640625|38.6744384765625,112.09,meters,-123.39306640625,38.6744384765625
CONIFER,-0.763961894266433,-123.392349243164|38.6559524536133,118.74,meters,-123.392349243164,38.6559524536133
CONIFER,1.12181959517535,-123.372894287109|38.7674217224121,389.28,meters,-123.372894287109,38.7674217224121
CONIFER,-1.16192041043353,-123.372192382813|38.7489395141601,231.76,meters,-123.372192382813,38.7489395141601
CONIFER,0.432415982710711,-123.371490478516|38.7304458618164,235.63,meters,-123.371490478516,38.7304458618164
CONIFER,1.33219601655392,-123.370788574219|38.7119636535644,150.18,meters,-123.370788574219,38.7119636535644
CONIFER,1.63744195149737,-123.370086669922|38.6934776306152,129.07,meters,-123.370086669922,38.6934776306152
CONIFER,1.45254820689935,-123.369384765625|38.6749801635742,337.49,meters,-123.369384765625,38.6749801635742
CONIFER,0.00551410253686454,-123.368682861328|38.6564979553223,56.49,meters,-123.368682861328,38.6564979553223
CONIFER,0.3788066704828,-123.367980957031|38.6380081176758,276.93,meters,-123.367980957031,38.6380081176758
CONIFER,1.98858407037663,-123.367279052734|38.6195335388184,168.07,meters,-123.367279052734,38.6195335388184
CONIFER,1.31681405883358,-123.349868774414|38.7864685058594,415.6,meters,-123.349868774414,38.7864685058594
CONIFER,1.05578904627446,-123.349166870117|38.7679748535156,158.5,meters,-123.349166870117,38.7679748535156
CONIFER,-1.33626426526599,-123.348480224609|38.7494888305664,193.57,meters,-123.348480224609,38.7494888305664
CONIFER,0.741209704431024,-123.347778320313|38.7309951782226,204.43,meters,-123.347778320313,38.7309951782226
CONIFER,1.08222500349081,-123.347076416016|38.7125015258789,195.3,meters,-123.347076416016,38.7125015258789
CONIFER,1.12106259963162,-123.346389770508|38.6940116882324,210.88,meters,-123.346389770508,38.6940116882324
CONIFER,0.827904058321692,-123.345703125|38.6755256652832,133.26,meters,-123.345703125,38.6755256652832
CONIFER,0.226429515193935,-123.344299316406|38.638557434082,259.49,meters,-123.344299316406,38.638557434082
CONIFER,1.49288218538289,-123.343612670898|38.6200714111328,252.45,meters,-123.343612670898,38.6200714111328
CONIFER,1.10635398314874,-123.342926025391|38.6015853881836,186.2,meters,-123.342926025391,38.6015853881836
CONIFER,0.856693119979446,-123.325454711914|38.7685165405274,149.11,meters,-123.325454711914,38.7685165405274
CONIFER,-1.58340953592018,-123.324768066406|38.7500228881836,325.1,meters,-123.324768066406,38.7500228881836
CONIFER,1.05697487755251,-123.323394775391|38.7130432128907,116.54,meters,-123.323394775391,38.7130432128907
CONIFER,1.00424161480641,-123.322692871094|38.6945571899414,154.67,meters,-123.322692871094,38.6945571899414
CONIFER,0.0577192407574856,-123.322021484375|38.6760635375976,205.42,meters,-123.322021484375,38.6760635375976
CONIFER,0.296392479922567,-123.321319580078|38.6575813293457,138.05,meters,-123.321319580078,38.6575813293457
CONIFER,-0.272727271192894,-123.320648193359|38.6390991210938,304.61,meters,-123.320648193359,38.6390991210938
CONIFER,0.941387051636651,-123.319274902344|38.6021270751954,230.18,meters,-123.319274902344,38.6021270751954
CONIFER,1.10145554149223,-123.318588256836|38.5836410522461,143.08,meters,-123.318588256836,38.5836410522461
CONIFER,1.77063186177003,-123.317901611328|38.5651626586914,97.54,meters,-123.317901611328,38.5651626586914
CONIFER,1.10603530550711,-123.303100585938|38.8060302734375,511.81,meters,-123.303100585938,38.8060302734375
CONIFER,-0.965472928745502,-123.301055908203|38.750560760498,289.22,meters,-123.301055908203,38.750560760498
CONIFER,1.77963750656279,-123.300384521484|38.7320671081543,482.62,meters,-123.300384521484,38.7320671081543
CONIFER,1.0650146261687,-123.299697875977|38.7135772705078,256.81,meters,-123.299697875977,38.7135772705078
CONIFER,0.950542644975111,-123.299011230469|38.6950912475586,253.99,meters,-123.299011230469,38.6950912475586
CONIFER,-0.82994518856758,-123.29833984375|38.6765975952149,107.11,meters,-123.29833984375,38.6765975952149
CONIFER,1.85979406363963,-123.296966552734|38.6396217346191,92.88,meters,-123.296966552734,38.6396217346191
CONIFER,1.18181818181818,-123.295623779297|38.6026611328125,293.4,meters,-123.295623779297,38.6026611328125
CONIFER,1.464780270212,-123.294937133789|38.5841751098633,303.46,meters,-123.294937133789,38.5841751098633
CONIFER,1.6573224479093,-123.29426574707|38.5656929016113,248.82,meters,-123.29426574707,38.5656929016113
CONIFER,1.19702334144634,-123.293579101563|38.5472106933594,61.11,meters,-123.293579101563,38.5472106933594
CONIFER,1.323924210327,-123.279373168945|38.8065643310547,391.17,meters,-123.279373168945,38.8065643310547
CONIFER,1.03486488529601,-123.275329589844|38.6956214904785,378.78,meters,-123.275329589844,38.6956214904785
CONIFER,-1.02085807740119,-123.274658203125|38.6771316528321,127.69,meters,-123.274658203125,38.6771316528321
CONIFER,0.69211391768052,-123.273986816406|38.6586418151855,230.43,meters,-123.273986816406,38.6586418151855
CONIFER,0.129678793696334,-123.273315429688|38.6401557922363,248.52,meters,-123.273315429688,38.6401557922363
CONIFER,0.466300266174723,-123.272644042969|38.6216621398926,262.39,meters,-123.272644042969,38.6216621398926
CONIFER,1.39835718648619,-123.271301269531|38.5846977233886,356.79,meters,-123.271301269531,38.5846977233886
CONIFER,1.34043636532805,-123.270629882813|38.5662231445313,381.58,meters,-123.270629882813,38.5662231445313
CONIFER,1.29688138845998,-123.269958496094|38.5477333068847,155.17,meters,-123.269958496094,38.5477333068847
CONIFER,1.51642046429531,-123.253631591797|38.7516098022461,356.49,meters,-123.253631591797,38.7516098022461
CONIFER,1.10387616167769,-123.252304077148|38.7146301269531,298.2,meters,-123.252304077148,38.7146301269531
CONIFER,1.01800228847306,-123.251647949219|38.6961364746094,282.52,meters,-123.251647949219,38.6961364746094
CONIFER,-1.25101039516856,-123.2509765625|38.6776504516602,216.7,meters,-123.2509765625,38.6776504516602
CONIFER,-0.347905788007999,-123.249633789063|38.6406707763672,321.85,meters,-123.249633789063,38.6406707763672
CONIFER,0.452758261997054,-123.248977661133|38.6221923828125,400.08,meters,-123.248977661133,38.6221923828125
CONIFER,1.23608325704993,-123.246322631836|38.5482521057128,441.84,meters,-123.246322631836,38.5482521057128
CONIFER,0.912506545250035,-123.245666503906|38.529769897461,158.05,meters,-123.245666503906,38.529769897461
CONIFER,0.00417431467818331,-123.227951049805|38.696662902832,144.18,meters,-123.227951049805,38.696662902832
CONIFER,-1.21987743183461,-123.226623535156|38.6596832275391,167.86,meters,-123.226623535156,38.6596832275391
CONIFER,1.89835461748715,-123.223999023438|38.5857391357422,295.15,meters,-123.223999023438,38.5857391357422
CONIFER,1.49798366473191,-123.20166015625|38.6232223510742,295.23,meters,-123.20166015625,38.6232223510742
CONIFER,1.02879775564921,-123.200347900391|38.5862464904785,296.37,meters,-123.200347900391,38.5862464904785
CONIFER,1.29946497981488,-123.19970703125|38.5677604675293,216.49,meters,-123.19970703125,38.5677604675293
CONIFER,0.80536084238683,-123.198394775391|38.5307998657226,266.83,meters,-123.198394775391,38.5307998657226
CONIFER,-0.318105181385275,-123.184448242188|38.8086204528809,473.24,meters,-123.184448242188,38.8086204528809
CONIFER,0.0139002659666728,-123.183807373047|38.7901306152344,303.92,meters,-123.183807373047,38.7901306152344
CONIFER,-1.49498489645418,-123.183151245117|38.7716369628907,624.56,meters,-123.183151245117,38.7716369628907
CONIFER,0.661018018902235,-123.182510375977|38.7531433105469,498.31,meters,-123.182510375977,38.7531433105469
CONIFER,0.608216213493186,-123.180572509766|38.6976699829101,558.51,meters,-123.180572509766,38.6976699829101
CONIFER,1.02438447838695,-123.176696777344|38.5867500305176,523.53,meters,-123.176696777344,38.5867500305176
CONIFER,1.19458401614301,-123.176055908203|38.5682678222656,381.5,meters,-123.176055908203,38.5682678222656
CONIFER,0.00366847046940566,-123.173492431641|38.494342803955,355.1,meters,-123.173492431641,38.494342803955
CONIFER,0.0799285820706523,-123.154327392578|38.6242256164551,411.9,meters,-123.154327392578,38.6242256164551
CONIFER,1.38989136725974,-123.149871826172|38.4948348999024,190.78,meters,-123.149871826172,38.4948348999024
CONIFER,-0.0479517570393513,-123.134460449219|38.7356567382812,334.15,meters,-123.134460449219,38.7356567382812
CONIFER,-1.43369278221092,-123.132553100586|38.6801795959473,514.46,meters,-123.132553100586,38.6801795959473
CONIFER,-0.523105158781508,-123.131286621094|38.6432037353516,547.02,meters,-123.131286621094,38.6432037353516
CONIFER,0.60039883007528,-123.130035400391|38.6062316894531,364.73,meters,-123.130035400391,38.6062316894531
CONIFER,0.925746464155502,-123.129409790039|38.5877456665039,306.9,meters,-123.129409790039,38.5877456665039
CONIFER,1.3899660742617,-123.128784179688|38.5692672729493,445.18,meters,-123.128784179688,38.5692672729493
CONIFER,1.22151422744554,-123.128143310547|38.5507850646972,306.54,meters,-123.128143310547,38.5507850646972
CONIFER,1.46122767011979,-123.127517700195|38.5322990417481,262.63,meters,-123.127517700195,38.5322990417481
CONIFER,0.982565677325144,-123.125640869141|38.4768447875977,179.88,meters,-123.125640869141,38.4768447875977
CONIFER,0.803963218109775,-123.111999511719|38.7731246948243,148.55,meters,-123.111999511719,38.7731246948243
CONIFER,1.27263503688293,-123.108245849609|38.6621856689454,387.74,meters,-123.108245849609,38.6621856689454
CONIFER,0.574794623276069,-123.106994628906|38.6252098083496,338.8,meters,-123.106994628906,38.6252098083496
CONIFER,0.893436839296495,-123.106384277344|38.6067237854004,556.22,meters,-123.106384277344,38.6067237854004
CONIFER,0.592259138804353,-123.105758666992|38.5882377624511,280.87,meters,-123.105758666992,38.5882377624511
CONIFER,1.37864173330986,-123.105133056641|38.5697555541992,103.35,meters,-123.105133056641,38.5697555541992
CONIFER,1.37589343661966,-123.103881835938|38.532787322998,329.99,meters,-123.103881835938,38.532787322998
CONIFER,1.15286134088667,-123.103271484375|38.5143013000488,322.44,meters,-123.103271484375,38.5143013000488
CONIFER,-0.315268178559999,-123.102661132813|38.4958152770996,394.58,meters,-123.102661132813,38.4958152770996
CONIFER,0.118834053991573,-123.102035522461|38.4773330688477,327.37,meters,-123.102035522461,38.4773330688477
CONIFER,1.34227303774409,-123.080871582031|38.5517539978028,235.9,meters,-123.080871582031,38.5517539978028
CONIFER,1.7282127579725,-123.080261230469|38.533275604248,124.69,meters,-123.080261230469,38.533275604248
CONIFER,0.463715700806002,-123.079650878906|38.514778137207,44.46,meters,-123.079650878906,38.514778137207
CONIFER,-0.622873087900593,-123.079040527344|38.4963035583496,191.22,meters,-123.079040527344,38.4963035583496
CONIFER,-0.382554643034188,-123.078430175781|38.4778175354004,191.87,meters,-123.078430175781,38.4778175354004
CONIFER,-0.314930740915044,-123.065780639648|38.8110771179199,368.68,meters,-123.065780639648,38.8110771179199
CONIFER,2.18954521550497,-123.063949584961|38.7555923461914,219.38,meters,-123.063949584961,38.7555923461914
CONIFER,1.1561910260639,-123.058456420898|38.5891952514648,143.37,meters,-123.058456420898,38.5891952514648
CONIFER,1.17179240626901,-123.057861328125|38.5707130432129,284.66,meters,-123.057861328125,38.5707130432129
CONIFER,1.47349850670201,-123.056640625|38.5337448120117,204.73,meters,-123.056640625,38.5337448120117
CONIFER,0.196633862111319,-123.056030273438|38.5152702331543,199.01,meters,-123.056030273438,38.5152702331543
CONIFER,-0.809076426741506,-123.055419921875|38.4967765808106,228.89,meters,-123.055419921875,38.4967765808106
CONIFER,0.633077407739616,-123.054809570313|38.4782943725586,146.31,meters,-123.054809570313,38.4782943725586
CONIFER,1.73933737085238,-123.05419921875|38.4598159790039,46.99,meters,-123.05419921875,38.4598159790039
CONIFER,0.501677630239686,-123.053009033203|38.4228553771972,26.58,meters,-123.053009033203,38.4228553771972
CONIFER,0.170913250349224,-123.052398681641|38.4043807983398,219.84,meters,-123.052398681641,38.4043807983398
CONIFER,-1.0231150209401,-123.043258666992|38.8485450744629,457.87,meters,-123.043258666992,38.8485450744629
CONIFER,-1.37700892892668,-123.042663574219|38.8300476074219,132.92,meters,-123.042663574219,38.8300476074219
CONIFER,0.0572981318740625,-123.042053222656|38.8115577697754,332.24,meters,-123.042053222656,38.8115577697754
CONIFER,0.0551563669608347,-123.041442871094|38.7930526733398,313.08,meters,-123.041442871094,38.7930526733398
CONIFER,2.12434770763667,-123.040222167969|38.7560768127441,235.09,meters,-123.040222167969,38.7560768127441
CONIFER,1.05851086253583,-123.037811279297|38.6821098327637,349.5,meters,-123.037811279297,38.6821098327637
CONIFER,0.231322559592371,-123.034210205078|38.5711860656738,278.24,meters,-123.034210205078,38.5711860656738
CONIFER,1.36551634292034,-123.033599853516|38.5527038574218,165.36,meters,-123.033599853516,38.5527038574218
CONIFER,1.45835161532969,-123.033004760742|38.5342216491699,84.33,meters,-123.033004760742,38.5342216491699
CONIFER,0.599382328744991,-123.031204223633|38.4787673950195,141.82,meters,-123.031204223633,38.4787673950195
CONIFER,0.602247021851695,-123.030609130859|38.4602851867676,212.19,meters,-123.030609130859,38.4602851867676
CONIFER,0.863775875175186,-123.030014038086|38.4418067932129,266.03,meters,-123.030014038086,38.4418067932129
CONIFER,0.107723121140822,-123.02880859375|38.4048500061035,313.14,meters,-123.02880859375,38.4048500061035
CONIFER,-0.287222149450495,-123.019500732422|38.8490104675293,224.69,meters,-123.019500732422,38.8490104675293
CONIFER,1.52442662693664,-123.011749267578|38.6086235046387,348.49,meters,-123.011749267578,38.6086235046387
CONIFER,1.5210465169681,-123.010559082031|38.5716514587402,290.69,meters,-123.010559082031,38.5716514587402
CONIFER,1.60304194328234,-123.009368896484|38.5346794128418,106.1,meters,-123.009368896484,38.5346794128418
CONIFER,0.349819774667129,-123.008193969727|38.4977111816406,70.94,meters,-123.008193969727,38.4977111816406
CONIFER,0.551593934946205,-123.007598876953|38.4792327880859,135.97,meters,-123.007598876953,38.4792327880859
CONIFER,1.51415851276062,-123.00700378418|38.4607620239258,122.37,meters,-123.00700378418,38.4607620239258
CONIFER,1.05138254579683,-123.006408691406|38.4422721862793,184.51,meters,-123.006408691406,38.4422721862793
CONIFER,0.152586403351431,-123.005828857422|38.4237861633301,283.53,meters,-123.005828857422,38.4237861633301
CONIFER,-0.968967520149769,-123.004638671875|38.3868331909179,313.81,meters,-123.004638671875,38.3868331909179
CONIFER,-0.321473435908918,-123.004058837891|38.3683547973633,92.54,meters,-123.004058837891,38.3683547973633
CONIFER,-1.44262958650614,-122.994567871094|38.812484741211,150.03,meters,-122.994567871094,38.812484741211
CONIFER,0.136363636458484,-122.988098144531|38.6090774536133,299.83,meters,-122.988098144531,38.6090774536133
CONIFER,0.714541355288114,-122.987503051758|38.5905952453613,382.23,meters,-122.987503051758,38.5905952453613
CONIFER,0.656844853557859,-122.986923217773|38.5721168518066,384.73,meters,-122.986923217773,38.5721168518066
CONIFER,1.20840189041455,-122.986328125|38.5536346435547,241.86,meters,-122.986328125,38.5536346435547
CONIFER,1.13238296042982,-122.985748291016|38.5351371765136,198.12,meters,-122.985748291016,38.5351371765136
CONIFER,0.279946806850493,-122.985168457031|38.5166664123535,99.87,meters,-122.985168457031,38.5166664123535
CONIFER,0.65637525927346,-122.984573364258|38.4981842041015,47.85,meters,-122.984573364258,38.4981842041015
CONIFER,-0.128637547870919,-122.983978271484|38.4796943664551,145.8,meters,-122.983978271484,38.4796943664551
CONIFER,1.93853813636194,-122.9833984375|38.4612159729004,118.01,meters,-122.9833984375,38.4612159729004
CONIFER,0.514551710654768,-122.982818603516|38.4427375793457,53.68,meters,-122.982818603516,38.4427375793457
CONIFER,0.397801464732318,-122.982238769531|38.4242553710937,381.02,meters,-122.982238769531,38.4242553710937
CONIFER,0.335279575161998,-122.981658935547|38.4057731628418,323.61,meters,-122.981658935547,38.4057731628418
CONIFER,-0.806154756988983,-122.981079101562|38.3872947692871,266.47,meters,-122.981079101562,38.3872947692871
CONIFER,-0.0379400905960142,-122.980484008789|38.3688125610352,98.74,meters,-122.980484008789,38.3688125610352
CONIFER,-1.05516655433719,-122.970840454102|38.81294631958,237.02,meters,-122.970840454102,38.81294631958
CONIFER,0.493144604656118,-122.964431762695|38.6095390319824,255.74,meters,-122.964431762695,38.6095390319824
CONIFER,0.705868421198162,-122.962112426758|38.5355911254883,357.96,meters,-122.962112426758,38.5355911254883
CONIFER,-0.753244644624889,-122.961547851563|38.5171203613281,119.17,meters,-122.961547851563,38.5171203613281
CONIFER,0.791650077829173,-122.960968017578|38.4986381530762,52.38,meters,-122.960968017578,38.4986381530762
CONIFER,0.122385274776844,-122.960388183594|38.480152130127,87.81,meters,-122.960388183594,38.480152130127
CONIFER,1.4288381152167,-122.959808349609|38.4616661071777,217.76,meters,-122.959808349609,38.4616661071777
CONIFER,1.06490850694799,-122.958648681641|38.4247169494629,96.92,meters,-122.958648681641,38.4247169494629
CONIFER,0.602761673381357,-122.958068847656|38.4062309265137,245.66,meters,-122.958068847656,38.4062309265137
CONIFER,-0.647696314395451,-122.957489013672|38.3877449035645,172.03,meters,-122.957489013672,38.3877449035645
CONIFER,-1.25648651559037,-122.945953369141|38.7764129638672,329.81,meters,-122.945953369141,38.7764129638672
CONIFER,0.394848633138268,-122.944213867188|38.7209320068359,206.77,meters,-122.944213867188,38.7209320068359
CONIFER,-0.0714626012125883,-122.943649291992|38.7024421691894,108.49,meters,-122.943649291992,38.7024421691894
CONIFER,0.0126020524313745,-122.939636230469|38.5730247497558,228.71,meters,-122.939636230469,38.5730247497558
CONIFER,2.07539615745415,-122.939056396484|38.5545349121094,276.91,meters,-122.939056396484,38.5545349121094
CONIFER,-0.648577888478681,-122.937911987305|38.5175628662109,47.89,meters,-122.937911987305,38.5175628662109
CONIFER,-0.401274700971044,-122.936767578125|38.4805946350098,144.48,meters,-122.936767578125,38.4805946350098
CONIFER,0.987037283587438,-122.93620300293|38.4621238708496,102.64,meters,-122.93620300293,38.4621238708496
CONIFER,0.526022134439079,-122.935638427734|38.4436454772949,150.68,meters,-122.935638427734,38.4436454772949
CONIFER,0.92290369202732,-122.93505859375|38.4251480102539,193.48,meters,-122.93505859375,38.4251480102539
CONIFER,0.129036525156836,-122.934478759766|38.4066772460938,243.76,meters,-122.934478759766,38.4066772460938
CONIFER,0.216935220542776,-122.919387817383|38.6843910217285,173.09,meters,-122.919387817383,38.6843910217285
CONIFER,0.0265566339080029,-122.916549682617|38.5919494628907,95.78,meters,-122.916549682617,38.5919494628907
CONIFER,0.323910585083738,-122.915985107422|38.573471069336,223.4,meters,-122.915985107422,38.573471069336
CONIFER,-0.0906847433197181,-122.915420532227|38.5549812316894,213.33,meters,-122.915420532227,38.5549812316894
CONIFER,0.737492863919632,-122.914855957031|38.5364952087402,193.69,meters,-122.914855957031,38.5364952087402
CONIFER,-0.0917099561859718,-122.913726806641|38.4995269775391,45.28,meters,-122.913726806641,38.4995269775391
CONIFER,0.255205193901955,-122.913162231445|38.4810447692871,83.75,meters,-122.913162231445,38.4810447692871
CONIFER,0.800617079178561,-122.911468505859|38.4256057739258,127.62,meters,-122.911468505859,38.4256057739258
CONIFER,0.566914786301593,-122.886764526367|38.3890838623047,59.41,meters,-122.886764526367,38.3890838623047
CONIFER,-0.789493298855261,-122.873123168945|38.7222480773926,85.9,meters,-122.873123168945,38.7222480773926
CONIFER,1.5307361104933,-122.838531494141|38.3529891967774,91.14,meters,-122.838531494141,38.3529891967774
CONIFER,-0.576523920489126,-122.828430175781|38.8155746459961,781.82,meters,-122.828430175781,38.8155746459961
CONIFER,0.59416390710319,-122.802551269531|38.7420234680176,812.02,meters,-122.802551269531,38.7420234680176
CONIFER,-1.79411870150251,-122.780944824219|38.8164100646972,1023.08,meters,-122.780944824219,38.8164100646972
CONIFER,-0.712274093079062,-122.778839111328|38.7424354553222,724.47,meters,-122.778839111328,38.7424354553222
CONIFER,-0.0717214359923836,-122.777252197266|38.686954498291,351.74,meters,-122.777252197266,38.686954498291
CONIFER,-0.63913114746519,-122.754608154297|38.7243537902832,617.28,meters,-122.754608154297,38.7243537902832
CONIFER,2.40740950416123,-122.752014160156|38.6318969726563,149.59,meters,-122.752014160156,38.6318969726563
CONIFER,0.253161374795265,-122.731414794922|38.7432403564453,895.51,meters,-122.731414794922,38.7432403564453
CONIFER,2.06586712269881,-122.730895996094|38.7247543334961,807.8,meters,-122.730895996094,38.7247543334961
CONIFER,0.706806332996068,-122.730392456055|38.7062606811523,343.77,meters,-122.730392456055,38.7062606811523
CONIFER,0.00363088328231809,-122.726806640625|38.5768318176269,228.95,meters,-122.726806640625,38.5768318176269
CONIFER,0.599086565005609,-122.725799560547|38.5398597717285,258.96,meters,-122.725799560547,38.5398597717285
CONIFER,0.563373151278787,-122.682998657227|38.7070426940918,887.5,meters,-122.682998657227,38.7070426940918
CONIFER,1.78147788498677,-122.680023193359|38.5961036682129,218.36,meters,-122.680023193359,38.5961036682129
CONIFER,0.286442620107678,-122.677536010742|38.5036697387696,197.26,meters,-122.677536010742,38.5036697387696
CONIFER,0.491344364333117,-122.656356811523|38.5964889526367,236.73,meters,-122.656356811523,38.5964889526367
CONIFER,0.571703546646025,-122.634643554688|38.6708335876465,1173.58,meters,-122.634643554688,38.6708335876465
CONIFER,0.619351018772291,-122.632232666016|38.5783843994141,327.67,meters,-122.632232666016,38.5783843994141
CONIFER,1.32012778771167,-122.631256103516|38.5414009094238,382.56,meters,-122.631256103516,38.5414009094238
CONIFER,1.73034910710718,-122.630767822266|38.5229225158692,327.16,meters,-122.630767822266,38.5229225158692
CONIFER,1.62680788468644,-122.630294799805|38.5044364929199,339.76,meters,-122.630294799805,38.5044364929199
CONIFER,1.69983769832166,-122.607147216797|38.5232963562012,342.87,meters,-122.607147216797,38.5232963562012
CONIFER,1.43138800307543,-122.606674194336|38.504810333252,377.74,meters,-122.606674194336,38.504810333252
CONIFER,-0.734649086077214,-122.583526611328|38.5236663818359,470.62,meters,-122.583526611328,38.5236663818359
CONIFER,1.46618473720781,-122.583053588867|38.5051765441894,545.22,meters,-122.583053588867,38.5051765441894
CONIFER,1.78714014171085,-122.582122802734|38.4682121276856,469.68,meters,-122.582122802734,38.4682121276856
CONIFER,0.284251902324689,-122.580718994141|38.4127655029297,272.84,meters,-122.580718994141,38.4127655029297
CONIFER,1.62550792940334,-122.558502197266|38.4685707092285,642.55,meters,-122.558502197266,38.4685707092285
CONIFER,1.84877759086188,-122.558044433594|38.4500885009765,404.65,meters,-122.558044433594,38.4500885009765
CONIFER,-0.369075681278982,-122.531280517578|38.3210830688477,253.45,meters,-122.531280517578,38.3210830688477
CONIFER,0.911213259455507,-122.530395507813|38.2841262817383,259.38,meters,-122.530395507813,38.2841262817383
CONIFER,-0.0802073888146604,-122.509521484375|38.3953475952148,229.79,meters,-122.509521484375,38.3953475952148
CONIFER,0.535979658803876,-122.485931396484|38.3956985473633,450.01,meters,-122.485931396484,38.3956985473633
SHRUB,-0.909302375470066,-123.19905090332|38.5492782592774,367.21,meters,-123.19905090332,38.5492782592774
SHRUB,0.118611073794169,-123.133819580078|38.7171669006348,456.02,meters,-123.133819580078,38.7171669006348
SHRUB,2.26460348292284,-123.083343505859|38.6256942749023,498.98,meters,-123.083343505859,38.6256942749023
SHRUB,-0.18963815661044,-123.065170288086|38.7925872802734,317.03,meters,-123.065170288086,38.7925872802734
SHRUB,0.357619368197309,-123.051788330078|38.3858985900879,117.3,meters,-123.051788330078,38.3858985900879
SHRUB,0.340425682363503,-123.016510009766|38.7565460205079,198.63,meters,-123.016510009766,38.7565460205079
SHRUB,0.608694319790468,-123.002288818359|38.312931060791,112.86,meters,-123.002288818359,38.312931060791
SHRUB,-0.457908905515194,-122.990447998047|38.6830406188965,177.41,meters,-122.990447998047,38.6830406188965
SHRUB,1.8560518441029,-122.989868164063|38.66455078125,296.53,meters,-122.989868164063,38.66455078125
SHRUB,-0.791955034651159,-122.972015380859|38.8499374389648,621.33,meters,-122.972015380859,38.8499374389648
SHRUB,0.519267694243443,-122.966766357422|38.6834907531738,211.53,meters,-122.966766357422,38.6834907531738
SHRUB,0.509990317603964,-122.941925048828|38.64697265625,154.97,meters,-122.941925048828,38.64697265625
SHRUB,-0.941226492437669,-122.887878417969|38.4260368347168,64.52,meters,-122.887878417969,38.4260368347168
SHRUB,1.46501549963248,-122.875335693359|38.7962188720703,476.22,meters,-122.875335693359,38.7962188720703
SHRUB,1.40146796007926,-122.850524902344|38.7596702575684,744.83,meters,-122.850524902344,38.7596702575684
SHRUB,-1.55083805273822,-122.827331542969|38.7785835266113,693.86,meters,-122.827331542969,38.7785835266113
SHRUB,-0.838248988456109,-122.805221557617|38.8344917297364,895.26,meters,-122.805221557617,38.8344917297364
SHRUB,-1.96949860117112,-122.803619384766|38.7790031433106,985.21,meters,-122.803619384766,38.7790031433106
SHRUB,1.80205386830097,-122.803085327148|38.7605094909668,662.49,meters,-122.803085327148,38.7605094909668
SHRUB,0.451206929338125,-122.779891967773|38.779411315918,752.14,meters,-122.779891967773,38.779411315918
SHRUB,1.87718484839848,-122.779357910156|38.7609329223633,724.73,meters,-122.779357910156,38.7609329223633
SHRUB,-1.15513104103116,-122.756683349609|38.7983207702636,1083.28,meters,-122.756683349609,38.7983207702636
SHRUB,1.14237744847923,-122.756164550781|38.7798271179199,824.04,meters,-122.756164550781,38.7798271179199
SHRUB,1.93078211792616,-122.755645751953|38.7613334655762,981.85,meters,-122.755645751953,38.7613334655762
SHRUB,1.91410271946261,-122.755126953125|38.7428398132324,767.39,meters,-122.755126953125,38.7428398132324
SHRUB,1.7304496110259,-122.73193359375|38.7617340087891,920.17,meters,-122.73193359375,38.7617340087891
SHRUB,1.92688680370948,-122.706695556641|38.7066535949707,665.67,meters,-122.706695556641,38.7066535949707
SHRUB,0.823098845913773,-122.682495117188|38.6885490417481,473.34,meters,-122.682495117188,38.6885490417481
SHRUB,2.0175098902735,-122.682006835938|38.6700706481933,543.89,meters,-122.682006835938,38.6700706481933
SHRUB,1.02013821486562,-122.658813476563|38.6889419555664,571.67,meters,-122.658813476563,38.6889419555664
SHRUB,1.42639186113357,-122.654891967773|38.5410270690918,341.96,meters,-122.654891967773,38.5410270690918
SHRUB,-0.410315083282344,-122.634155273438|38.6523361206055,620.77,meters,-122.634155273438,38.6523361206055
SHRUB,0.68899314668197,-122.628372192383|38.4305000305176,232.89,meters,-122.628372192383,38.4305000305176
SHRUB,1.53679380899413,-122.605728149414|38.4678421020508,242.91,meters,-122.605728149414,38.4678421020508
SHRUB,1.03362256138714,-122.581649780273|38.4497337341309,323.57,meters,-122.581649780273,38.4497337341309
SHRUB,1.64119619081045,-122.534454345703|38.4504470825195,387.14,meters,-122.534454345703,38.4504470825195
SHRUB,1.43219642680287,-122.533996582031|38.4319725036622,418.02,meters,-122.533996582031,38.4319725036622
SHRUB,0.28785332621157,-122.53173828125|38.3395614624024,206.44,meters,-122.53173828125,38.3395614624024
SHRUB,-0.46305054654255,-122.509948730469|38.4138298034668,417.32,meters,-122.509948730469,38.4138298034668
SHRUB,1.38768785337542,-122.485504150391|38.3772163391113,427.35,meters,-122.485504150391,38.3772163391113
SHRUB,0.358292451501127,-122.485061645508|38.3587341308593,378.77,meters,-122.485061645508,38.3587341308593
SHRUB,-0.385313528311492,-122.461486816406|38.3590774536133,542.74,meters,-122.461486816406,38.3590774536133
SHRUB,-0.967803295902377,-122.461059570312|38.3405990600586,323.66,meters,-122.461059570312,38.3405990600586
SHRUB,-1.12144447053295,-122.413528442383|38.3227806091309,296.58,meters,-122.413528442383,38.3227806091309
HERBACEOUS,-1.39991769372038,-123.514419555664|38.7455558776856,17.18,meters,-123.514419555664,38.7455558776856
HERBACEOUS,1.63946346769111,-123.466278076172|38.7282104492188,99.83,meters,-123.466278076172,38.7282104492188
HERBACEOUS,-0.705429450283582,-123.441864013672|38.7102890014648,127.58,meters,-123.441864013672,38.7102890014648
HERBACEOUS,-1.16770614647037,-123.416732788086|38.6738815307617,44.73,meters,-123.416732788086,38.6738815307617
HERBACEOUS,-0.817687635013239,-123.391632080078|38.6374626159668,38.43,meters,-123.391632080078,38.6374626159668
HERBACEOUS,-0.765882059252242,-123.326843261719|38.805492401123,383.5,meters,-123.326843261719,38.805492401123
HERBACEOUS,0.71845855590082,-123.326141357422|38.7870101928711,356.8,meters,-123.326141357422,38.7870101928711
HERBACEOUS,1.32162600261974,-123.324081420898|38.7315330505371,356.16,meters,-123.324081420898,38.7315330505371
HERBACEOUS,0.103414983987104,-123.319946289063|38.6206092834473,397.74,meters,-123.319946289063,38.6206092834473
HERBACEOUS,1.03066227544372,-123.301742553711|38.7690505981446,373.69,meters,-123.301742553711,38.7690505981446
HERBACEOUS,-0.363859602116956,-123.297653198242|38.6581115722657,233.06,meters,-123.297653198242,38.6581115722657
HERBACEOUS,-0.31747108372967,-123.296295166016|38.6211471557617,342.96,meters,-123.296295166016,38.6211471557617
HERBACEOUS,-0.136363636246873,-123.278686523438|38.7880668640137,621.31,meters,-123.278686523438,38.7880668640137
HERBACEOUS,-0.959380120161565,-123.278015136719|38.7695732116699,444.4,meters,-123.278015136719,38.7695732116699
HERBACEOUS,0.246702955978163,-123.27197265625|38.6031799316407,235.65,meters,-123.27197265625,38.6031799316407
HERBACEOUS,-1.6473978351146,-123.246978759766|38.5667419433594,431.85,meters,-123.246978759766,38.5667419433594
HERBACEOUS,0.302767666457118,-123.224655151367|38.6042251586914,261.49,meters,-123.224655151367,38.6042251586914
HERBACEOUS,-1.6020235648553,-123.223342895508|38.5672492980957,222.85,meters,-123.223342895508,38.5672492980957
HERBACEOUS,-0.7514456236268,-123.221374511719|38.5118026733399,265.87,meters,-123.221374511719,38.5118026733399
HERBACEOUS,-1.40709071086285,-123.20751953125|38.7896194458008,356.65,meters,-123.20751953125,38.7896194458008
HERBACEOUS,-0.227272726423303,-123.20556640625|38.7341461181641,599.49,meters,-123.20556640625,38.7341461181641
HERBACEOUS,0.32130292612184,-123.20100402832|38.6047286987305,497.67,meters,-123.20100402832,38.6047286987305
HERBACEOUS,-0.745133414309131,-123.19775390625|38.5123176574707,477.74,meters,-123.19775390625,38.5123176574707
HERBACEOUS,-1.24472702186363,-123.159423828125|38.7721366882324,401.62,meters,-123.159423828125,38.7721366882324
HERBACEOUS,0.999529121595882,-123.14924621582|38.4763565063477,100.77,meters,-123.14924621582,38.4763565063477
HERBACEOUS,-0.575262761760744,-123.136352539063|38.791130065918,344.94,meters,-123.136352539063,38.791130065918
HERBACEOUS,1.00615716914357,-123.13508605957|38.7541465759278,496.62,meters,-123.13508605957,38.7541465759278
HERBACEOUS,1.32942094936116,-123.126266479492|38.4953308105469,342.15,meters,-123.126266479492,38.4953308105469
HERBACEOUS,-0.0347855827486468,-123.125015258789|38.4583625793457,183.97,meters,-123.125015258789,38.4583625793457
HERBACEOUS,-0.301049556519948,-123.109497070313|38.6991577148438,486.62,meters,-123.109497070313,38.6991577148438
HERBACEOUS,-0.125575973829219,-123.107635498047|38.6436996459961,640.43,meters,-123.107635498047,38.6436996459961
HERBACEOUS,1.65751685144389,-123.104522705078|38.5512657165528,301.29,meters,-123.104522705078,38.5512657165528
HERBACEOUS,-0.887769706484464,-123.101409912109|38.4588584899902,223.81,meters,-123.101409912109,38.4588584899902
HERBACEOUS,0.00201264437588309,-123.100173950195|38.4218978881836,111.77,meters,-123.100173950195,38.4218978881836
HERBACEOUS,0.228624790264395,-123.076583862305|38.4223785400391,241.84,meters,-123.076583862305,38.4223785400391
HERBACEOUS,-0.167822128020996,-123.075973510742|38.4039039611817,283.73,meters,-123.075973510742,38.4039039611817
HERBACEOUS,-0.296913447980172,-123.07536315918|38.3854179382324,51.29,meters,-123.07536315918,38.3854179382324
HERBACEOUS,-0.634382496386886,-123.067016601563|38.848072052002,332.74,meters,-123.067016601563,38.848072052002
HERBACEOUS,-0.45489950048576,-123.064559936523|38.7740936279297,145.57,meters,-123.064559936523,38.7740936279297
HERBACEOUS,0.787760139871373,-123.062713623047|38.7186164855957,361.8,meters,-123.062713623047,38.7186164855957
HERBACEOUS,-0.645874953133301,-123.061492919922|38.6816368103028,565.82,meters,-123.061492919922,38.6816368103028
HERBACEOUS,-0.658929774316069,-123.053604125977|38.4413375854492,232.37,meters,-123.053604125977,38.4413375854492
HERBACEOUS,-0.686954023575557,-123.051177978516|38.3674201965333,184.74,meters,-123.051177978516,38.3674201965333
HERBACEOUS,-0.0659550873317377,-123.050582885742|38.3489418029785,69.16,meters,-123.050582885742,38.3489418029785
HERBACEOUS,0.227272727278625,-123.040832519531|38.7745590209961,328.31,meters,-123.040832519531,38.7745590209961
HERBACEOUS,1.28504434822523,-123.039627075195|38.7375831604004,329.04,meters,-123.039627075195,38.7375831604004
HERBACEOUS,-0.272727272009767,-123.037216186523|38.66361618042,508.8,meters,-123.037216186523,38.66361618042
HERBACEOUS,-0.738053469383375,-123.029418945313|38.4233283996582,158.23,meters,-123.029418945313,38.4233283996582
HERBACEOUS,0.150944847870762,-123.02702331543|38.3494110107422,139.69,meters,-123.02702331543,38.3494110107422
HERBACEOUS,-0.780437531776887,-123.026428222656|38.3309364318848,119.95,meters,-123.026428222656,38.3309364318848
HERBACEOUS,1.33286627635487,-123.017120361328|38.7750320434571,191.66,meters,-123.017120361328,38.7750320434571
HERBACEOUS,1.89332718834873,-123.011154174805|38.5901412963867,255.7,meters,-123.011154174805,38.5901412963867
HERBACEOUS,0.21165574939607,-123.005233764648|38.4053153991699,219.16,meters,-123.005233764648,38.4053153991699
HERBACEOUS,0.109997853375258,-123.003463745117|38.3498764038086,126.3,meters,-123.003463745117,38.3498764038086
HERBACEOUS,-1.30553370239758,-123.002868652344|38.3314018249511,149.8,meters,-123.002868652344,38.3314018249511
HERBACEOUS,0.0523528860469665,-122.979904174805|38.3503379821777,30.22,meters,-122.979904174805,38.3503379821777
HERBACEOUS,-0.742451620527339,-122.979309082031|38.3318634033203,87.19,meters,-122.979309082031,38.3318634033203
HERBACEOUS,-0.924162049906502,-122.978729248047|38.3133850097656,19.6,meters,-122.978729248047,38.3133850097656
HERBACEOUS,-0.0656913012418011,-122.971435546875|38.8314437866211,558.07,meters,-122.971435546875,38.8314437866211
HERBACEOUS,-0.0780088258282679,-122.956344604492|38.3507957458496,42.13,meters,-122.956344604492,38.3507957458496
HERBACEOUS,-0.278940105323906,-122.955764770508|38.3323211669922,84.4,meters,-122.955764770508,38.3323211669922
HERBACEOUS,-0.22944672703759,-122.947692871094|38.8318862915039,531.99,meters,-122.947692871094,38.8318862915039
HERBACEOUS,-1.36570040105891,-122.945373535156|38.7579193115234,189.73,meters,-122.945373535156,38.7579193115234
HERBACEOUS,-0.947547981510539,-122.942504882813|38.6654624938965,45.74,meters,-122.942504882813,38.6654624938965
HERBACEOUS,0.244805489138677,-122.933929443359|38.3881950378418,124.51,meters,-122.933929443359,38.3881950378418
HERBACEOUS,-0.18105879519693,-122.933349609375|38.3697204589843,153.01,meters,-122.933349609375,38.3697204589843
HERBACEOUS,-0.210235268711771,-122.932769775391|38.3512382507324,119.96,meters,-122.932769775391,38.3512382507324
HERBACEOUS,-0.380588590458028,-122.932220458984|38.3327598571777,71.81,meters,-122.932220458984,38.3327598571777
HERBACEOUS,-0.656922528226391,-122.931640625|38.3142890930176,24.96,meters,-122.931640625,38.3142890930176
HERBACEOUS,1.47600325159618,-122.922790527344|38.7953414916992,335.62,meters,-122.922790527344,38.7953414916992
HERBACEOUS,-0.0605202267796065,-122.918243408203|38.6474189758301,40.74,meters,-122.918243408203,38.6474189758301
HERBACEOUS,-0.405727109814357,-122.917114257813|38.6104393005371,238.46,meters,-122.917114257813,38.6104393005371
HERBACEOUS,1.24381134693926,-122.91259765625|38.4625663757325,51.04,meters,-122.91259765625,38.4625663757325
HERBACEOUS,1.37618448818013,-122.912033081055|38.4440841674805,59.52,meters,-122.912033081055,38.4440841674805
HERBACEOUS,1.13744794888188,-122.910903930664|38.4071197509765,201.26,meters,-122.910903930664,38.4071197509765
HERBACEOUS,-0.818181817945236,-122.910339355469|38.3886451721192,169.17,meters,-122.910339355469,38.3886451721192
HERBACEOUS,0.151882619163401,-122.909790039063|38.3701667785644,67.17,meters,-122.909790039063,38.3701667785644
HERBACEOUS,-0.157343730247873,-122.909210205078|38.3516883850098,42.63,meters,-122.909210205078,38.3516883850098
HERBACEOUS,-0.24833768654587,-122.908660888672|38.3332023620606,124.51,meters,-122.908660888672,38.3332023620606
HERBACEOUS,-0.247639761036041,-122.908096313477|38.314739227295,6.06,meters,-122.908096313477,38.314739227295
HERBACEOUS,-0.740677977556491,-122.900207519531|38.8327789306641,397.59,meters,-122.900207519531,38.8327789306641
HERBACEOUS,0.161804741660373,-122.899078369141|38.795783996582,497.28,meters,-122.899078369141,38.795783996582
HERBACEOUS,-1.13114117783345,-122.898498535156|38.7772903442383,383.19,meters,-122.898498535156,38.7772903442383
HERBACEOUS,0.37617429988744,-122.893463134766|38.6108818054199,52.35,meters,-122.893463134766,38.6108818054199
HERBACEOUS,0.714097540688249,-122.891784667969|38.555419921875,96.83,meters,-122.891784667969,38.555419921875
HERBACEOUS,0.607740212846693,-122.891220092773|38.5369338989258,110.2,meters,-122.891220092773,38.5369338989258
HERBACEOUS,0.917625082313975,-122.890655517578|38.5184555053711,20.99,meters,-122.890655517578,38.5184555053711
HERBACEOUS,-0.614241314822741,-122.887329101563|38.4075546264648,143.85,meters,-122.887329101563,38.4075546264648
HERBACEOUS,1.25321576192183,-122.886215209961|38.3706016540527,178.13,meters,-122.886215209961,38.3706016540527
HERBACEOUS,-0.227640644416145,-122.885650634766|38.352123260498,184.49,meters,-122.885650634766,38.352123260498
HERBACEOUS,0.260044301125168,-122.885101318359|38.3336448669433,99.07,meters,-122.885101318359,38.3336448669433
HERBACEOUS,-0.735532125811726,-122.884552001953|38.3151702880859,20.07,meters,-122.884552001953,38.3151702880859
HERBACEOUS,-0.892777107186642,-122.87646484375|38.8332099914551,484.69,meters,-122.87646484375,38.8332099914551
HERBACEOUS,0.982307034488642,-122.874786376953|38.7777290344238,596.51,meters,-122.874786376953,38.7777290344238
HERBACEOUS,0.308730454989848,-122.873672485352|38.7407417297363,478.15,meters,-122.873672485352,38.7407417297363
HERBACEOUS,0.138260820870129,-122.870910644531|38.6482963562012,97.01,meters,-122.870910644531,38.6482963562012
HERBACEOUS,0.809536314800428,-122.867034912109|38.5188865661621,30.56,meters,-122.867034912109,38.5188865661621
HERBACEOUS,1.03397450155224,-122.866485595703|38.5004005432129,34.19,meters,-122.866485595703,38.5004005432129
HERBACEOUS,1.57222039273312,-122.865386962891|38.4634323120117,57.37,meters,-122.865386962891,38.4634323120117
HERBACEOUS,1.15608047783792,-122.864837646484|38.4449501037598,71.02,meters,-122.864837646484,38.4449501037598
HERBACEOUS,-0.364136511043745,-122.864288330078|38.4264755249023,54.05,meters,-122.864288330078,38.4264755249023
HERBACEOUS,0.319899074522858,-122.863739013672|38.4079895019531,41.52,meters,-122.863739013672,38.4079895019531
HERBACEOUS,0.059466389999731,-122.863189697266|38.3895111083984,139.19,meters,-122.863189697266,38.3895111083984
HERBACEOUS,-0.172351867742564,-122.862640380859|38.371036529541,129.84,meters,-122.862640380859,38.371036529541
HERBACEOUS,-0.450640403954678,-122.862091064453|38.3525543212891,236.4,meters,-122.862091064453,38.3525543212891
HERBACEOUS,-0.316840482384063,-122.861541748047|38.3340721130371,61.82,meters,-122.861541748047,38.3340721130371
HERBACEOUS,-0.793086545605376,-122.860992431641|38.3155975341797,35.07,meters,-122.860992431641,38.3155975341797
HERBACEOUS,0.0506134621517579,-122.860443115234|38.2971153259277,124.69,meters,-122.860443115234,38.2971153259277
HERBACEOUS,1.23816491985835,-122.851608276367|38.7966613769531,721.74,meters,-122.851608276367,38.7966613769531
HERBACEOUS,-1.29439861945047,-122.849426269531|38.7226829528809,309.71,meters,-122.849426269531,38.7226829528809
HERBACEOUS,0.392780247982916,-122.848327636719|38.6856956481933,55.5,meters,-122.848327636719,38.6856956481933
HERBACEOUS,0.818596817870416,-122.845596313477|38.5932540893555,24.7,meters,-122.845596313477,38.5932540893555
HERBACEOUS,1.46964902329305,-122.842864990234|38.5008201599121,16.13,meters,-122.842864990234,38.5008201599121
HERBACEOUS,1.01157287596818,-122.842330932617|38.4823455810547,17.23,meters,-122.842330932617,38.4823455810547
HERBACEOUS,0.032441275720639,-122.841247558594|38.4453849792481,16.91,meters,-122.841247558594,38.4453849792481
HERBACEOUS,0.555740505588533,-122.839614868164|38.3899383544922,80.46,meters,-122.839614868164,38.3899383544922
HERBACEOUS,-0.103744584829546,-122.837982177734|38.3345069885254,111.19,meters,-122.837982177734,38.3345069885254
HERBACEOUS,-1.18685122234833,-122.837448120117|38.3160247802735,102.32,meters,-122.837448120117,38.3160247802735
HERBACEOUS,0.527405062171326,-122.8369140625|38.297550201416,51.99,meters,-122.8369140625,38.297550201416
HERBACEOUS,-0.714169639826142,-122.836364746094|38.2790756225586,67.21,meters,-122.836364746094,38.2790756225586
HERBACEOUS,0.0956866244940135,-122.825714111328|38.7231063842773,513.17,meters,-122.825714111328,38.7231063842773
HERBACEOUS,-1.3471711105564,-122.824645996094|38.6861190795899,64.62,meters,-122.824645996094,38.6861190795899
HERBACEOUS,-0.586486490880108,-122.823547363281|38.6491470336914,134.32,meters,-122.823547363281,38.6491470336914
HERBACEOUS,1.26309128202396,-122.819793701172|38.5197410583496,27.23,meters,-122.819793701172,38.5197410583496
HERBACEOUS,1.43342810101428,-122.819244384766|38.5012550354004,35.45,meters,-122.819244384766,38.5012550354004
HERBACEOUS,1.54807077916427,-122.818176269531|38.4642868041992,28.2,meters,-122.818176269531,38.4642868041992
HERBACEOUS,1.35516183593685,-122.817642211914|38.44580078125,21.85,meters,-122.817642211914,38.44580078125
HERBACEOUS,1.34529908389575,-122.817108154297|38.4273223876953,26.23,meters,-122.817108154297,38.4273223876953
HERBACEOUS,0.788383939985808,-122.81657409668|38.4088401794434,19.02,meters,-122.81657409668,38.4088401794434
HERBACEOUS,-0.419319715688849,-122.814971923828|38.3534088134766,59.02,meters,-122.814971923828,38.3534088134766
HERBACEOUS,-0.327317022272542,-122.814437866211|38.3349227905273,95.96,meters,-122.814437866211,38.3349227905273
HERBACEOUS,-0.983495552931028,-122.813903808594|38.31644821167,72.83,meters,-122.813903808594,38.31644821167
HERBACEOUS,-0.613088743781368,-122.813369750977|38.2979736328125,72.09,meters,-122.813369750977,38.2979736328125
HERBACEOUS,-0.797963675557972,-122.812835693359|38.2795028686523,101.51,meters,-122.812835693359,38.2795028686523
HERBACEOUS,-0.761283694354921,-122.812301635742|38.2610244750977,25.08,meters,-122.812301635742,38.2610244750977
HERBACEOUS,1.55219347868708,-122.801483154297|38.7050285339355,214.3,meters,-122.801483154297,38.7050285339355
HERBACEOUS,-1.10863818807461,-122.800415039063|38.6680526733399,90.54,meters,-122.800415039063,38.6680526733399
HERBACEOUS,-0.793028503230344,-122.798828125|38.6125869750977,89.88,meters,-122.798828125,38.6125869750977
HERBACEOUS,0.299733489495688,-122.795623779297|38.5016708374024,34.91,meters,-122.795623779297,38.5016708374024
HERBACEOUS,0.841840729219932,-122.793518066406|38.427734375,24.21,meters,-122.793518066406,38.427734375
HERBACEOUS,0.212024730097498,-122.792465209961|38.3907775878906,22.22,meters,-122.792465209961,38.3907775878906
HERBACEOUS,-0.550313349335452,-122.791412353516|38.3538208007812,59.94,meters,-122.791412353516,38.3538208007812
HERBACEOUS,-0.321149414485835,-122.790878295898|38.3353462219238,113.14,meters,-122.790878295898,38.3353462219238
HERBACEOUS,-0.710597941044884,-122.790344238281|38.3168563842774,171.48,meters,-122.790344238281,38.3168563842774
HERBACEOUS,-0.517417074365635,-122.789825439453|38.2983856201172,44.32,meters,-122.789825439453,38.2983856201172
HERBACEOUS,-0.749871498973477,-122.789306640625|38.2799148559571,63.49,meters,-122.789306640625,38.2799148559571
HERBACEOUS,-0.759498011133634,-122.788772583008|38.2614402770996,25.78,meters,-122.788772583008,38.2614402770996
HERBACEOUS,-0.556363660469201,-122.788238525391|38.2429656982422,46.81,meters,-122.788238525391,38.2429656982422
HERBACEOUS,1.10913072700387,-122.777786254883|38.7054481506348,134.19,meters,-122.777786254883,38.7054481506348
HERBACEOUS,-0.143630377387032,-122.775680541992|38.6314926147461,85.97,meters,-122.775680541992,38.6314926147461
HERBACEOUS,-1.45279569910111,-122.774627685547|38.5945091247559,62.95,meters,-122.774627685547,38.5945091247559
HERBACEOUS,-0.462727206948375,-122.771484375|38.4835929870605,41.75,meters,-122.771484375,38.4835929870605
HERBACEOUS,0.753546189210828,-122.768890380859|38.3911819458008,28.04,meters,-122.768890380859,38.3911819458008
HERBACEOUS,-0.211604968311641,-122.767333984375|38.3357582092285,55.46,meters,-122.767333984375,38.3357582092285
HERBACEOUS,-0.650208617769855,-122.766799926758|38.3172760009766,80.17,meters,-122.766799926758,38.3172760009766
HERBACEOUS,-0.316880496161922,-122.76628112793|38.2987976074219,120.05,meters,-122.76628112793,38.2987976074219
HERBACEOUS,-0.46443093757236,-122.765762329102|38.2803230285644,36.93,meters,-122.765762329102,38.2803230285644
HERBACEOUS,-0.419658054426585,-122.765243530273|38.261848449707,69.5,meters,-122.765243530273,38.261848449707
HERBACEOUS,-0.44099019272697,-122.764724731445|38.2433776855469,36.29,meters,-122.764724731445,38.2433776855469
HERBACEOUS,-0.861589741615114,-122.764205932617|38.2248954772949,118.6,meters,-122.764205932617,38.2248954772949
HERBACEOUS,0.070256038124525,-122.754089355469|38.7058525085449,307.56,meters,-122.754089355469,38.7058525085449
HERBACEOUS,-0.981970324505664,-122.753570556641|38.6873588562012,268.61,meters,-122.753570556641,38.6873588562012
HERBACEOUS,-0.180914377786132,-122.751495361328|38.613410949707,54.35,meters,-122.751495361328,38.613410949707
HERBACEOUS,0.829816695538896,-122.745819091797|38.4100723266601,31.4,meters,-122.745819091797,38.4100723266601
HERBACEOUS,-0.727272726864103,-122.745300292969|38.3915939331055,29.86,meters,-122.745300292969,38.3915939331055
HERBACEOUS,-0.0450720732610768,-122.744781494141|38.3731231689453,27.92,meters,-122.744781494141,38.3731231689453
HERBACEOUS,-0.801952286183023,-122.744277954102|38.3546371459961,28.89,meters,-122.744277954102,38.3546371459961
HERBACEOUS,-0.300982668616228,-122.743255615234|38.3176841735839,75.74,meters,-122.743255615234,38.3176841735839
HERBACEOUS,-0.338802110743576,-122.742736816406|38.299201965332,119.8,meters,-122.742736816406,38.299201965332
HERBACEOUS,-0.33572901946349,-122.742218017578|38.2807273864746,53.66,meters,-122.742218017578,38.2807273864746
HERBACEOUS,0.151924289047851,-122.741714477539|38.26224899292,85.08,meters,-122.741714477539,38.26224899292
HERBACEOUS,-0.405072599993775,-122.7412109375|38.2437782287598,95.24,meters,-122.7412109375,38.2437782287598
HERBACEOUS,-0.849379848420612,-122.740692138672|38.2252998352051,67.25,meters,-122.740692138672,38.2252998352051
HERBACEOUS,-0.895586963229029,-122.729370117188|38.6692733764649,127.97,meters,-122.729370117188,38.6692733764649
HERBACEOUS,-0.386710771103754,-122.725280761719|38.5213737487793,162.02,meters,-122.725280761719,38.5213737487793
HERBACEOUS,-0.333519850523586,-122.721221923828|38.3735122680664,28.88,meters,-122.721221923828,38.3735122680664
HERBACEOUS,-0.130826815575968,-122.72021484375|38.3365631103515,29.57,meters,-122.72021484375,38.3365631103515
HERBACEOUS,-0.641280714463854,-122.719207763672|38.2996063232422,51.45,meters,-122.719207763672,38.2996063232422
HERBACEOUS,-0.811181789418389,-122.718688964844|38.281135559082,75.72,meters,-122.718688964844,38.281135559082
HERBACEOUS,0.399614358609656,-122.718185424805|38.2626571655274,,meters,-122.718185424805,38.2626571655274
HERBACEOUS,-0.542484335112272,-122.717681884766|38.2441749572754,138.81,meters,-122.717681884766,38.2441749572754
HERBACEOUS,-0.803998688259935,-122.717178344727|38.2257041931153,76.99,meters,-122.717178344727,38.2257041931153
HERBACEOUS,-0.648818721559329,-122.716674804688|38.2072257995606,75.25,meters,-122.716674804688,38.2072257995606
HERBACEOUS,0.121606965723653,-122.706192016602|38.6881637573242,307.6,meters,-122.706192016602,38.6881637573242
HERBACEOUS,-1.34051869991547,-122.705184936523|38.6511878967285,199.24,meters,-122.705184936523,38.6511878967285
HERBACEOUS,0.0362283890424367,-122.703155517578|38.5772247314453,419.88,meters,-122.703155517578,38.5772247314453
HERBACEOUS,0.709168087328368,-122.698654174805|38.4108695983887,57.86,meters,-122.698654174805,38.4108695983887
HERBACEOUS,-0.291338887478831,-122.698150634766|38.3923950195312,49.57,meters,-122.698150634766,38.3923950195312
HERBACEOUS,-0.149443413713961,-122.697647094727|38.3739128112793,30.75,meters,-122.697647094727,38.3739128112793
HERBACEOUS,0.15701843137872,-122.695648193359|38.2999992370605,73.6,meters,-122.695648193359,38.2999992370605
HERBACEOUS,-0.971030459188631,-122.695159912109|38.2815246582031,14.18,meters,-122.695159912109,38.2815246582031
HERBACEOUS,0.707032960076267,-122.69465637207|38.2630462646484,14.24,meters,-122.69465637207,38.2630462646484
HERBACEOUS,-0.304607298970192,-122.693664550781|38.2260971069336,101,meters,-122.693664550781,38.2260971069336
HERBACEOUS,-0.237189112006175,-122.680999755859|38.6330795288086,147.03,meters,-122.680999755859,38.6330795288086
HERBACEOUS,-0.62816514545241,-122.680511474609|38.6145973205567,126.79,meters,-122.680511474609,38.6145973205567
HERBACEOUS,-1.24770639320905,-122.678039550781|38.5221595764161,338.2,meters,-122.678039550781,38.5221595764161
HERBACEOUS,0.392875022233243,-122.677032470703|38.4851913452149,92.31,meters,-122.677032470703,38.4851913452149
HERBACEOUS,0.21366059840551,-122.674072265625|38.3742980957032,57.41,meters,-122.674072265625,38.3742980957032
HERBACEOUS,0.00621699113557135,-122.673583984375|38.3558197021484,42.81,meters,-122.673583984375,38.3558197021484
HERBACEOUS,0.400504159353957,-122.672607421875|38.3188591003418,41.18,meters,-122.672607421875,38.3188591003418
HERBACEOUS,0.238857217831718,-122.672119140625|38.3003845214843,22.86,meters,-122.672119140625,38.3003845214843
HERBACEOUS,0.182805726182959,-122.671615600586|38.2819099426269,19.08,meters,-122.671615600586,38.2819099426269
HERBACEOUS,-0.653388713397514,-122.669647216797|38.2080116271972,74.53,meters,-122.669647216797,38.2080116271972
HERBACEOUS,-0.484552287244328,-122.657836914063|38.6519546508789,361.67,meters,-122.657836914063,38.6519546508789
HERBACEOUS,1.90575572419369,-122.657348632813|38.6334686279297,231.73,meters,-122.657348632813,38.6334686279297
HERBACEOUS,-0.117699874860051,-122.656845092773|38.6149749755859,149.09,meters,-122.656845092773,38.6149749755859
HERBACEOUS,0.845537356367971,-122.653427124023|38.4855728149414,225.76,meters,-122.653427124023,38.4855728149414
HERBACEOUS,-0.332595287686372,-122.651977539063|38.4301223754883,154.77,meters,-122.651977539063,38.4301223754883
HERBACEOUS,0.707256559647059,-122.651000976563|38.3931579589844,246.04,meters,-122.651000976563,38.3931579589844
HERBACEOUS,0.219829347463551,-122.650024414063|38.3562126159668,97.4,meters,-122.650024414063,38.3562126159668
HERBACEOUS,0.482472711501278,-122.649536132813|38.3377265930176,80.97,meters,-122.649536132813,38.3377265930176
HERBACEOUS,0.331949901008543,-122.649047851563|38.3192443847656,55.47,meters,-122.649047851563,38.3192443847656
HERBACEOUS,-0.0155996492539021,-122.648559570313|38.3007698059082,39.49,meters,-122.648559570313,38.3007698059082
HERBACEOUS,0.469299573947055,-122.648071289063|38.2822914123535,35.81,meters,-122.648071289063,38.2822914123535
HERBACEOUS,-0.537418843827123,-122.646148681641|38.2083892822266,90.64,meters,-122.646148681641,38.2083892822266
HERBACEOUS,-0.379580151642894,-122.645660400391|38.1899261474609,87.65,meters,-122.645660400391,38.1899261474609
HERBACEOUS,1.83923064840802,-122.633666992188|38.633846282959,503.13,meters,-122.633666992188,38.633846282959
HERBACEOUS,-0.0732177746459638,-122.629821777344|38.485954284668,408.06,meters,-122.629821777344,38.485954284668
HERBACEOUS,1.36062838218118,-122.629333496094|38.4674644470215,142.79,meters,-122.629333496094,38.4674644470215
HERBACEOUS,0.174232031919324,-122.627410888672|38.3935356140136,153.63,meters,-122.627410888672,38.3935356140136
HERBACEOUS,0.357512924285068,-122.62646484375|38.3565826416016,315.39,meters,-122.62646484375,38.3565826416016
HERBACEOUS,0.492971544154801,-122.6259765625|38.3380966186524,208.49,meters,-122.6259765625,38.3380966186524
HERBACEOUS,0.299186239700957,-122.62548828125|38.319622039795,182.28,meters,-122.62548828125,38.319622039795
HERBACEOUS,0.50060519368176,-122.625030517578|38.3011512756348,117.01,meters,-122.625030517578,38.3011512756348
HERBACEOUS,-0.390886836399744,-122.624542236328|38.2826766967773,64.48,meters,-122.624542236328,38.2826766967773
HERBACEOUS,-0.787631484338633,-122.622634887695|38.2087631225586,70.6,meters,-122.622634887695,38.2087631225586
HERBACEOUS,0.259301151067735,-122.622161865234|38.1902961730957,61.64,meters,-122.622161865234,38.1902961730957
HERBACEOUS,0.23633020954125,-122.606201171875|38.4863243103027,503.05,meters,-122.606201171875,38.4863243103027
HERBACEOUS,-0.510448042543003,-122.603363037109|38.3754348754883,236.56,meters,-122.603363037109,38.3754348754883
HERBACEOUS,0.327530270331397,-122.602890014648|38.3569564819336,502.34,meters,-122.602890014648,38.3569564819336
HERBACEOUS,0.778736746643789,-122.601470947266|38.301513671875,222.1,meters,-122.601470947266,38.301513671875
HERBACEOUS,-0.729350326729735,-122.600524902344|38.2645645141602,30.84,meters,-122.600524902344,38.2645645141602
HERBACEOUS,0.549267380964797,-122.59912109375|38.2091369628907,9.08,meters,-122.59912109375,38.2091369628907
HERBACEOUS,0.206032698493509,-122.598663330078|38.1906700134277,8.44,meters,-122.598663330078,38.1906700134277
HERBACEOUS,0.183038238800611,-122.583984375|38.5421524047851,620.23,meters,-122.583984375,38.5421524047851
HERBACEOUS,0.400391831032522,-122.578857421875|38.3388442993164,663.48,meters,-122.578857421875,38.3388442993164
HERBACEOUS,0.279605045552584,-122.578399658203|38.3203620910644,645.51,meters,-122.578399658203,38.3203620910644
HERBACEOUS,1.06748108662011,-122.577941894531|38.301887512207,333.34,meters,-122.577941894531,38.301887512207
HERBACEOUS,-0.529771889908774,-122.57746887207|38.2834129333497,194.76,meters,-122.57746887207,38.2834129333497
HERBACEOUS,-0.668614803961501,-122.576995849609|38.2649383544922,96.03,meters,-122.576995849609,38.2649383544922
HERBACEOUS,0.586705277154965,-122.576538085938|38.2464561462403,24.64,meters,-122.576538085938,38.2464561462403
HERBACEOUS,0.231572236894295,-122.576080322266|38.2279853820801,6.94,meters,-122.576080322266,38.2279853820801
HERBACEOUS,0.453458344932947,-122.575622558594|38.2095146179199,2.19,meters,-122.575622558594,38.2095146179199
HERBACEOUS,-0.49261828001585,-122.575149536133|38.1910438537597,12.91,meters,-122.575149536133,38.1910438537597
HERBACEOUS,-1.10411639679961,-122.55989074707|38.5240249633789,627.83,meters,-122.55989074707,38.5240249633789
HERBACEOUS,-0.353616757948418,-122.557586669922|38.4315986633301,140.61,meters,-122.557586669922,38.4315986633301
HERBACEOUS,-0.585653155444908,-122.55712890625|38.4131240844726,151.61,meters,-122.55712890625,38.4131240844726
HERBACEOUS,-0.50538804510214,-122.553924560547|38.2837753295898,300.05,meters,-122.553924560547,38.2837753295898
HERBACEOUS,0.44400461951895,-122.553009033203|38.2468185424805,34.5,meters,-122.553009033203,38.2468185424805
HERBACEOUS,0.149105211757733,-122.552551269531|38.2283439636231,86.03,meters,-122.552551269531,38.2283439636231
HERBACEOUS,0.590340679774998,-122.552093505859|38.2098693847656,5.64,meters,-122.552093505859,38.2098693847656
HERBACEOUS,-0.979227087471961,-122.551651000977|38.1913986206055,2.16,meters,-122.551651000977,38.1913986206055
HERBACEOUS,-1.59696958413483,-122.551193237305|38.1729202270508,1.96,meters,-122.551193237305,38.1729202270508
HERBACEOUS,0.657918228121706,-122.532196044922|38.3580474853515,116.34,meters,-122.532196044922,38.3580474853515
HERBACEOUS,-0.271014715252132,-122.529937744141|38.2656517028809,228.99,meters,-122.529937744141,38.2656517028809
HERBACEOUS,0.409531654106522,-122.529479980469|38.2471694946289,78.14,meters,-122.529479980469,38.2471694946289
HERBACEOUS,0.215826122142363,-122.529052734375|38.2286987304687,71.74,meters,-122.529052734375,38.2286987304687
HERBACEOUS,0.414174110780462,-122.528594970703|38.2102165222168,70.19,meters,-122.528594970703,38.2102165222168
HERBACEOUS,-0.588578096229272,-122.528137207031|38.1917572021484,83.95,meters,-122.528137207031,38.1917572021484
HERBACEOUS,-1.7377616592405,-122.527252197266|38.1548080444336,-0.14,meters,-122.527252197266,38.1548080444336
HERBACEOUS,0.746288575288041,-122.508636474609|38.3583908081055,90.77,meters,-122.508636474609,38.3583908081055
HERBACEOUS,0.572279971744198,-122.507293701172|38.3029518127441,55.19,meters,-122.507293701172,38.3029518127441
HERBACEOUS,-0.765900460414837,-122.506851196289|38.2844772338867,51.94,meters,-122.506851196289,38.2844772338867
HERBACEOUS,-0.0985921802009519,-122.506408691406|38.2660026550293,72.63,meters,-122.506408691406,38.2660026550293
HERBACEOUS,0.233113156986104,-122.505966186523|38.2475280761719,71.97,meters,-122.505966186523,38.2475280761719
HERBACEOUS,0.0818597775388085,-122.505523681641|38.2290496826172,105.67,meters,-122.505523681641,38.2290496826172
HERBACEOUS,0.635888293268656,-122.505081176758|38.2105751037598,88.38,meters,-122.505081176758,38.2105751037598
HERBACEOUS,-0.192497552791237,-122.504638671875|38.1921005249023,91.88,meters,-122.504638671875,38.1921005249023
HERBACEOUS,0.203109652945647,-122.504196166992|38.1736259460449,52.67,meters,-122.504196166992,38.1736259460449
HERBACEOUS,-1.85849216313873,-122.503753662109|38.1551551818848,3.95,meters,-122.503753662109,38.1551551818848
HERBACEOUS,0.258389923035168,-122.483306884766|38.2848243713379,24.65,meters,-122.483306884766,38.2848243713379
HERBACEOUS,0.386217391029684,-122.482879638672|38.266342163086,19.55,meters,-122.482879638672,38.266342163086
HERBACEOUS,0.0771364432953653,-122.481994628906|38.2293968200683,97.87,meters,-122.481994628906,38.2293968200683
HERBACEOUS,0.269283621279467,-122.481567382813|38.2109146118164,223.38,meters,-122.481567382813,38.2109146118164
HERBACEOUS,0.38249557798695,-122.481140136719|38.1924514770507,126.15,meters,-122.481140136719,38.1924514770507
HERBACEOUS,-0.508185584141863,-122.480697631836|38.1739730834961,106.33,meters,-122.480697631836,38.1739730834961
HERBACEOUS,0.440539158634019,-122.480255126953|38.1555061340332,27.95,meters,-122.480255126953,38.1555061340332
HERBACEOUS,-0.233270924981727,-122.458068847656|38.2112579345703,21.28,meters,-122.458068847656,38.2112579345703
HERBACEOUS,-0.0752555377237989,-122.457626342773|38.1927871704101,166.55,meters,-122.457626342773,38.1927871704101
HERBACEOUS,0.0997871692129342,-122.45719909668|38.1743049621582,3.89,meters,-122.45719909668,38.1743049621582
HERBACEOUS,0.462029835183415,-122.456771850586|38.1558418273926,123.01,meters,-122.456771850586,38.1558418273926
HERBACEOUS,-0.0175243104796921,-122.4375|38.3409309387207,379.24,meters,-122.4375,38.3409309387207
HERBACEOUS,0.202731162519603,-122.437072753906|38.3224563598633,305.79,meters,-122.437072753906,38.3224563598633
HERBACEOUS,0.434940722058125,-122.436645507813|38.3039665222168,112.27,meters,-122.436645507813,38.3039665222168
HERBACEOUS,0.400014147698337,-122.435821533203|38.2670211791992,13.5,meters,-122.435821533203,38.2670211791992
HERBACEOUS,0.181972126488293,-122.434539794922|38.2116012573242,-0.15,meters,-122.434539794922,38.2116012573242
HERBACEOUS,0.106426617760628,-122.434127807617|38.1931266784668,0.51,meters,-122.434127807617,38.1931266784668
HERBACEOUS,0.33428319875808,-122.433288574219|38.1561775207519,0.15,meters,-122.433288574219,38.1561775207519
HERBACEOUS,0.326084063491834,-122.411437988281|38.2304000854492,3.55,meters,-122.411437988281,38.2304000854492
HERBACEOUS,0.366830712760313,-122.410614013672|38.1934471130371,0.06,meters,-122.410614013672,38.1934471130371
HERBACEOUS,0.203739323992788,-122.409790039063|38.1565017700195,0.06,meters,-122.409790039063,38.1565017700195
HERBACEOUS,-1.78404995206372,-122.388336181641|38.2491912841797,89.74,meters,-122.388336181641,38.2491912841797
HERBACEOUS,-1.23128083929887,-122.387939453125|38.2307205200195,25.48,meters,-122.387939453125,38.2307205200195
HERBACEOUS,0.10545359963294,-122.387512207031|38.2122497558594,0.26,meters,-122.387512207031,38.2122497558594
HERBACEOUS,-0.174395475809515,-122.386703491211|38.1752967834472,0.19,meters,-122.386703491211,38.1752967834472
HERBACEOUS,0.293318196153316,-122.364013671875|38.2125625610352,1.01,meters,-122.364013671875,38.2125625610352
HERBACEOUS,0.256358982540426,-122.363616943359|38.1940879821777,-0.34,meters,-122.363616943359,38.1940879821777
